-- MariaDB dump 10.19  Distrib 10.5.12-MariaDB, for Linux (x86_64)
--
-- Host: mysql.hostinger.ro    Database: u574849695_23
-- ------------------------------------------------------
-- Server version	10.5.12-MariaDB-cll-lve

/*!40101 SET @OLD_CHARACTER_SET_CLIENT=@@CHARACTER_SET_CLIENT */;
/*!40101 SET @OLD_CHARACTER_SET_RESULTS=@@CHARACTER_SET_RESULTS */;
/*!40101 SET @OLD_COLLATION_CONNECTION=@@COLLATION_CONNECTION */;
/*!40101 SET NAMES utf8mb4 */;
/*!40103 SET @OLD_TIME_ZONE=@@TIME_ZONE */;
/*!40103 SET TIME_ZONE='+00:00' */;
/*!40014 SET @OLD_UNIQUE_CHECKS=@@UNIQUE_CHECKS, UNIQUE_CHECKS=0 */;
/*!40014 SET @OLD_FOREIGN_KEY_CHECKS=@@FOREIGN_KEY_CHECKS, FOREIGN_KEY_CHECKS=0 */;
/*!40101 SET @OLD_SQL_MODE=@@SQL_MODE, SQL_MODE='NO_AUTO_VALUE_ON_ZERO' */;
/*!40111 SET @OLD_SQL_NOTES=@@SQL_NOTES, SQL_NOTES=0 */;

--
-- Table structure for table `communities`
--

DROP TABLE IF EXISTS `communities`;
/*!40101 SET @saved_cs_client     = @@character_set_client */;
/*!40101 SET character_set_client = utf8 */;
CREATE TABLE `communities` (
  `id` bigint(20) unsigned NOT NULL AUTO_INCREMENT,
  `name` varchar(150) COLLATE utf8mb4_unicode_ci DEFAULT NULL,
  `admin_user_id` bigint(20) unsigned DEFAULT NULL,
  PRIMARY KEY (`id`),
  KEY `communities_name_idx` (`name`),
  KEY `admin_user_id` (`admin_user_id`),
  CONSTRAINT `communities_ibfk_1` FOREIGN KEY (`admin_user_id`) REFERENCES `users` (`id`) ON DELETE SET NULL ON UPDATE CASCADE
) ENGINE=InnoDB AUTO_INCREMENT=101 DEFAULT CHARSET=utf8mb4 COLLATE=utf8mb4_unicode_ci;
/*!40101 SET character_set_client = @saved_cs_client */;

--
-- Dumping data for table `communities`
--

LOCK TABLES `communities` WRITE;
/*!40000 ALTER TABLE `communities` DISABLE KEYS */;
INSERT INTO `communities` VALUES (1,'eos',56),(2,'quo',61),(3,'quo',97),(4,'quaerat',46),(5,'consectetur',48),(6,'accusantium',24),(7,'est',23),(8,'ut',83),(9,'qui',63),(10,'odio',81),(11,'facilis',39),(12,'nobis',80),(13,'maiores',88),(14,'molestias',2),(15,'occaecati',70),(16,'aliquid',88),(17,'quibusdam',14),(18,'vitae',22),(19,'sed',39),(20,'eius',59),(21,'delectus',39),(22,'recusandae',83),(23,'praesentium',65),(24,'et',98),(25,'et',32),(26,'neque',53),(27,'architecto',26),(28,'molestias',79),(29,'veniam',67),(30,'expedita',91),(31,'repellat',6),(32,'sunt',22),(33,'eius',52),(34,'necessitatibus',2),(35,'quo',68),(36,'amet',100),(37,'dignissimos',26),(38,'et',90),(39,'qui',82),(40,'eos',88),(41,'saepe',71),(42,'sit',21),(43,'sit',68),(44,'enim',59),(45,'deleniti',22),(46,'reiciendis',37),(47,'ut',46),(48,'eos',36),(49,'sequi',58),(50,'dolorem',85),(51,'voluptatem',95),(52,'perspiciatis',97),(53,'necessitatibus',67),(54,'ipsam',59),(55,'quasi',95),(56,'excepturi',98),(57,'consectetur',11),(58,'modi',21),(59,'expedita',77),(60,'sint',78),(61,'ratione',11),(62,'qui',82),(63,'perferendis',100),(64,'earum',63),(65,'architecto',84),(66,'nostrum',67),(67,'repellat',62),(68,'est',9),(69,'ratione',57),(70,'necessitatibus',44),(71,'neque',96),(72,'dolor',27),(73,'sequi',64),(74,'velit',63),(75,'sunt',85),(76,'ut',86),(77,'aut',100),(78,'dolores',31),(79,'similique',21),(80,'rerum',58),(81,'natus',15),(82,'et',15),(83,'quae',54),(84,'praesentium',81),(85,'aut',74),(86,'et',49),(87,'maiores',79),(88,'maiores',85),(89,'et',69),(90,'sit',56),(91,'quis',62),(92,'deserunt',80),(93,'explicabo',37),(94,'odit',61),(95,'eos',42),(96,'deleniti',20),(97,'maxime',28),(98,'inventore',4),(99,'vero',29),(100,'voluptatibus',84);
/*!40000 ALTER TABLE `communities` ENABLE KEYS */;
UNLOCK TABLES;

--
-- Table structure for table `friend_requests`
--

DROP TABLE IF EXISTS `friend_requests`;
/*!40101 SET @saved_cs_client     = @@character_set_client */;
/*!40101 SET character_set_client = utf8 */;
CREATE TABLE `friend_requests` (
  `initiator_user_id` bigint(20) unsigned NOT NULL,
  `target_user_id` bigint(20) unsigned NOT NULL,
  `status` enum('requested','approved','declined','unfriended') COLLATE utf8mb4_unicode_ci DEFAULT NULL,
  `requested_at` datetime DEFAULT current_timestamp(),
  `updated_at` datetime DEFAULT NULL ON UPDATE current_timestamp(),
  PRIMARY KEY (`initiator_user_id`,`target_user_id`),
  KEY `target_user_id` (`target_user_id`),
  CONSTRAINT `friend_requests_ibfk_1` FOREIGN KEY (`initiator_user_id`) REFERENCES `users` (`id`) ON DELETE CASCADE ON UPDATE CASCADE,
  CONSTRAINT `friend_requests_ibfk_2` FOREIGN KEY (`target_user_id`) REFERENCES `users` (`id`) ON DELETE CASCADE ON UPDATE CASCADE
) ENGINE=InnoDB DEFAULT CHARSET=utf8mb4 COLLATE=utf8mb4_unicode_ci;
/*!40101 SET character_set_client = @saved_cs_client */;

--
-- Dumping data for table `friend_requests`
--

LOCK TABLES `friend_requests` WRITE;
/*!40000 ALTER TABLE `friend_requests` DISABLE KEYS */;
INSERT INTO `friend_requests` VALUES (1,85,'approved','1985-12-05 12:59:08','1993-09-05 09:49:43'),(5,67,'approved','2020-02-17 17:05:11','1987-09-02 20:47:19'),(6,15,'declined','2008-09-21 11:57:02','2008-07-18 13:43:44'),(6,35,'approved','1995-08-29 14:53:57','2011-09-21 21:53:04'),(6,100,'unfriended','1979-07-10 02:52:24','2009-11-03 16:03:18'),(9,65,'requested','1986-04-12 21:45:24','2019-05-12 22:17:43'),(11,98,'approved','2005-06-16 03:11:20','1995-02-16 22:47:36'),(12,50,'unfriended','2008-07-01 17:53:16','1990-04-16 13:09:04'),(13,23,'unfriended','2007-08-28 01:36:44','2009-02-26 19:53:17'),(13,31,'unfriended','2004-01-03 16:32:14','2000-12-01 16:49:39'),(14,15,'approved','2009-11-27 14:23:25','1995-03-16 01:17:09'),(14,37,'requested','1975-05-06 11:51:39','2004-11-23 15:06:27'),(15,12,'approved','2002-12-07 18:28:38','2009-02-26 03:08:36'),(15,86,'requested','2006-06-02 17:21:22','2014-05-02 18:54:07'),(15,97,'requested','2019-10-16 16:46:58','2005-03-06 20:50:56'),(17,30,'declined','2019-02-14 23:03:08','2008-06-06 08:48:18'),(18,54,'requested','2016-10-12 19:51:21','2011-12-01 01:55:17'),(19,96,'approved','1999-03-07 18:55:51','2016-11-12 19:46:01'),(21,97,'declined','1988-11-04 08:58:31','2015-04-16 22:30:42'),(23,78,'requested','1995-05-05 23:04:15','2014-12-06 08:41:43'),(24,80,'requested','2021-08-07 05:30:25','1986-07-10 16:18:52'),(26,5,'unfriended','1996-07-26 23:47:31','1980-07-21 19:29:57'),(26,90,'approved','2011-11-15 18:20:00','2017-02-08 13:40:09'),(28,20,'unfriended','2002-12-27 01:00:48','2016-04-07 20:32:13'),(28,43,'approved','1993-08-20 00:53:53','1998-01-20 01:05:28'),(29,47,'approved','1985-11-13 03:33:27','2005-08-03 17:48:00'),(30,69,'requested','2007-08-16 07:28:42','1978-10-03 20:06:56'),(33,13,'requested','1992-10-14 15:07:34','1985-11-07 22:59:32'),(33,64,'requested','2013-10-26 10:53:39','1979-03-21 03:24:13'),(33,70,'unfriended','1983-08-07 02:14:11','2017-10-02 22:21:04'),(34,75,'approved','1971-07-26 12:27:30','1988-03-11 09:49:06'),(35,40,'unfriended','2010-12-02 08:50:04','1988-05-06 04:15:48'),(36,55,'declined','2004-07-01 04:18:11','1972-07-26 11:55:14'),(37,15,'approved','1977-05-08 20:52:30','1990-10-12 04:10:30'),(38,45,'approved','1976-04-15 09:00:23','2021-05-10 13:58:31'),(39,5,'requested','1983-01-16 19:27:21','2016-01-19 10:56:54'),(39,31,'declined','2009-07-29 12:12:00','1990-08-12 09:46:02'),(39,53,'approved','1997-05-14 12:11:59','1971-11-23 11:00:19'),(40,54,'requested','2006-10-28 07:41:08','1981-10-23 19:24:18'),(41,20,'declined','2005-11-15 11:15:19','1985-10-18 03:53:17'),(41,56,'unfriended','1997-03-11 00:27:51','1995-07-04 06:56:47'),(42,37,'approved','1994-05-27 03:51:51','2006-10-10 05:52:40'),(43,73,'declined','2021-01-23 23:22:15','1988-08-15 23:46:58'),(43,99,'approved','1989-05-26 07:41:33','2016-12-25 00:41:00'),(44,79,'declined','1993-09-27 04:03:27','2018-06-25 13:04:08'),(48,14,'unfriended','2018-03-22 00:27:07','2009-02-27 00:37:53'),(49,40,'unfriended','1971-06-08 06:28:54','1975-04-10 16:32:18'),(49,46,'approved','2012-11-06 17:14:44','2017-05-10 22:49:04'),(50,3,'requested','1991-05-27 09:41:20','1980-07-02 09:52:19'),(50,97,'requested','1971-11-27 05:02:23','1975-08-23 10:15:34'),(52,20,'approved','2000-04-10 21:13:30','2002-12-28 04:01:20'),(52,21,'approved','1991-05-14 14:42:25','1994-11-24 03:53:22'),(52,43,'approved','1990-05-26 13:51:48','2020-05-26 10:19:53'),(52,55,'approved','1988-07-05 16:45:36','2008-09-06 15:30:03'),(53,85,'unfriended','1995-08-28 21:44:52','1983-04-21 06:41:05'),(54,53,'declined','1999-03-07 03:42:21','2019-05-25 11:57:52'),(56,40,'approved','1973-05-07 09:05:33','2016-03-05 02:59:33'),(58,10,'requested','1993-06-09 05:54:12','1976-07-28 13:58:42'),(60,12,'unfriended','1974-07-24 06:06:44','1998-09-22 04:43:24'),(60,22,'unfriended','2010-11-28 20:53:48','1971-12-05 17:13:27'),(60,42,'declined','1990-01-27 19:19:30','1989-07-16 01:04:57'),(62,32,'requested','1976-04-02 10:25:20','1978-02-03 18:23:58'),(62,70,'requested','1971-06-20 12:44:06','1985-05-01 13:03:29'),(63,27,'approved','1992-08-18 23:51:05','1974-02-20 06:00:42'),(63,56,'approved','2016-03-28 11:51:23','1990-06-11 13:07:50'),(63,87,'unfriended','2020-05-30 14:17:29','2015-01-04 17:24:14'),(64,57,'unfriended','1988-12-04 03:34:23','1990-01-08 08:58:53'),(64,66,'approved','1996-03-23 06:31:40','2001-04-18 11:14:01'),(65,34,'requested','2013-07-22 10:38:53','1986-03-27 19:05:58'),(66,32,'approved','1980-05-21 09:48:49','1985-09-10 23:57:20'),(66,51,'requested','1990-02-07 15:07:18','2006-06-18 05:09:08'),(66,62,'requested','1978-12-07 00:29:14','2009-04-13 19:18:17'),(66,95,'unfriended','2015-10-27 01:14:28','1977-03-03 05:52:05'),(67,76,'unfriended','2015-01-05 02:44:45','1995-02-10 19:31:42'),(69,33,'unfriended','1986-03-03 17:53:15','2008-11-01 08:23:40'),(70,27,'requested','1992-03-05 17:12:51','1997-07-16 15:59:41'),(71,88,'requested','1995-12-30 05:58:01','2004-06-07 14:10:14'),(75,17,'declined','1978-04-07 14:40:10','1984-09-11 01:31:52'),(75,87,'approved','2008-08-31 03:19:26','1997-06-15 08:29:53'),(76,71,'declined','1979-12-31 02:52:41','1999-12-03 03:48:46'),(76,83,'approved','2011-04-14 02:06:41','2006-08-25 11:58:44'),(80,18,'approved','1978-05-16 20:28:38','1975-05-06 10:11:13'),(81,3,'declined','2016-12-02 08:02:12','1980-06-29 20:28:17'),(81,71,'requested','1972-02-23 22:16:17','1981-06-08 10:42:49'),(82,30,'declined','1985-09-08 12:54:20','1992-07-06 20:18:03'),(82,64,'declined','1991-01-15 01:14:51','1971-12-21 03:38:24'),(82,68,'unfriended','1977-08-04 02:08:33','1995-01-23 17:56:57'),(84,61,'requested','1973-07-04 08:21:42','1980-11-22 02:30:57'),(85,29,'approved','1971-12-29 13:10:21','2005-03-08 12:18:38'),(85,78,'requested','1971-01-23 12:14:19','1983-05-21 04:20:49'),(86,81,'approved','1971-06-09 05:08:08','1979-01-26 01:33:04'),(86,84,'declined','1975-09-21 23:58:04','1977-12-16 02:21:38'),(86,94,'unfriended','2011-07-10 05:11:00','1998-09-29 09:00:54'),(91,17,'approved','2004-07-11 18:31:48','2001-07-21 08:39:07'),(91,70,'declined','2015-12-26 21:55:16','2017-08-22 19:32:26'),(91,76,'unfriended','1992-04-22 22:08:54','1981-02-18 23:30:49'),(92,75,'approved','2012-11-06 03:26:15','1987-07-11 09:02:11'),(97,73,'declined','2003-03-02 17:12:08','1978-11-15 21:05:51'),(98,31,'requested','1982-09-13 18:03:33','1980-04-15 19:26:03'),(99,100,'approved','1970-10-14 16:14:47','1987-04-14 18:46:19');
/*!40000 ALTER TABLE `friend_requests` ENABLE KEYS */;
UNLOCK TABLES;

--
-- Table structure for table `likes`
--

DROP TABLE IF EXISTS `likes`;
/*!40101 SET @saved_cs_client     = @@character_set_client */;
/*!40101 SET character_set_client = utf8 */;
CREATE TABLE `likes` (
  `id` bigint(20) unsigned NOT NULL AUTO_INCREMENT,
  `user_id` bigint(20) unsigned NOT NULL,
  `media_id` bigint(20) unsigned NOT NULL,
  `created_at` datetime DEFAULT current_timestamp(),
  PRIMARY KEY (`id`),
  KEY `user_id` (`user_id`),
  KEY `media_id` (`media_id`),
  CONSTRAINT `likes_ibfk_1` FOREIGN KEY (`user_id`) REFERENCES `users` (`id`) ON DELETE CASCADE ON UPDATE CASCADE,
  CONSTRAINT `likes_ibfk_2` FOREIGN KEY (`media_id`) REFERENCES `media` (`id`) ON DELETE CASCADE ON UPDATE CASCADE
) ENGINE=InnoDB AUTO_INCREMENT=101 DEFAULT CHARSET=utf8mb4 COLLATE=utf8mb4_unicode_ci;
/*!40101 SET character_set_client = @saved_cs_client */;

--
-- Dumping data for table `likes`
--

LOCK TABLES `likes` WRITE;
/*!40000 ALTER TABLE `likes` DISABLE KEYS */;
INSERT INTO `likes` VALUES (1,87,81,'2001-02-01 00:30:41'),(2,57,81,'1984-02-25 12:10:37'),(3,74,23,'1985-04-24 06:57:06'),(4,71,94,'2018-03-17 02:38:24'),(5,64,9,'2008-07-11 16:18:19'),(6,67,34,'2018-12-26 20:11:38'),(7,55,62,'2010-05-01 09:34:35'),(8,82,72,'2003-10-11 14:15:40'),(9,93,86,'2003-01-12 15:01:22'),(10,20,69,'1995-05-22 00:37:22'),(11,52,28,'2021-02-25 10:43:18'),(12,52,9,'2004-06-28 00:56:26'),(13,74,61,'2004-08-12 13:18:51'),(14,19,26,'1995-04-30 11:14:27'),(15,84,46,'2015-03-11 15:52:42'),(16,28,70,'2018-04-06 19:43:07'),(17,27,84,'1975-04-25 23:39:27'),(18,51,100,'2017-12-31 17:39:18'),(19,7,21,'2022-05-15 15:21:03'),(20,94,70,'1992-05-13 20:47:37'),(21,29,60,'2004-12-31 13:56:55'),(22,3,84,'1976-09-20 04:57:16'),(23,22,85,'2009-12-28 00:09:15'),(24,56,14,'2012-10-02 19:51:16'),(25,71,76,'2016-02-13 08:40:02'),(26,82,22,'1979-03-26 15:35:03'),(27,3,34,'2004-12-27 09:23:26'),(28,30,77,'2008-07-01 13:37:49'),(29,95,49,'1984-05-02 23:06:09'),(30,2,78,'1977-12-03 19:38:23'),(31,94,30,'1970-11-23 06:21:22'),(32,48,20,'1984-12-31 10:13:29'),(33,13,98,'1984-03-17 13:56:54'),(34,20,19,'1989-09-14 01:51:03'),(35,19,13,'2013-01-18 20:48:01'),(36,89,48,'1992-12-23 14:15:17'),(37,73,92,'2003-09-07 22:19:23'),(38,31,94,'2005-08-15 01:32:21'),(39,77,87,'1975-08-31 15:41:04'),(40,8,48,'1990-05-28 03:54:49'),(41,62,90,'1986-12-31 15:43:29'),(42,70,65,'2010-03-24 17:01:45'),(43,24,100,'1999-05-17 15:00:46'),(44,41,19,'2021-04-10 21:36:11'),(45,48,43,'2007-05-28 19:11:39'),(46,97,42,'2005-02-27 15:14:31'),(47,73,44,'1994-01-18 13:53:36'),(48,62,85,'2002-02-17 06:18:02'),(49,42,81,'1984-11-21 23:16:18'),(50,4,60,'1971-10-01 23:47:32'),(51,93,93,'1979-05-14 18:31:31'),(52,8,66,'1971-03-10 04:01:29'),(53,85,38,'2004-09-08 19:52:36'),(54,60,61,'1993-08-17 09:26:09'),(55,25,67,'2005-03-02 11:16:25'),(56,9,86,'2001-01-13 14:18:54'),(57,57,78,'1995-01-13 04:04:32'),(58,50,81,'1987-07-29 15:41:49'),(59,77,91,'2022-03-05 10:32:44'),(60,99,25,'1979-02-27 04:55:54'),(61,34,95,'1998-05-17 08:32:00'),(62,67,6,'1998-03-20 01:32:02'),(63,39,29,'2002-07-30 07:41:18'),(64,90,80,'1999-02-18 05:28:11'),(65,9,94,'2015-11-11 15:02:38'),(66,40,2,'1976-02-15 00:25:43'),(67,87,47,'1977-06-07 05:18:26'),(68,67,71,'1976-02-20 14:50:21'),(69,85,26,'1980-09-02 18:24:53'),(70,32,9,'1978-10-07 18:39:00'),(71,93,40,'1973-10-17 04:48:07'),(72,95,50,'1981-03-12 14:14:13'),(73,18,44,'2003-12-31 22:26:47'),(74,30,95,'2015-03-04 07:12:21'),(75,35,29,'2008-10-09 23:30:40'),(76,20,68,'1996-05-16 12:48:04'),(77,23,86,'2008-03-22 05:43:27'),(78,73,61,'1982-10-10 19:36:13'),(79,14,63,'1984-02-06 09:39:30'),(80,41,23,'2000-04-26 05:45:31'),(81,57,80,'1983-11-26 05:05:30'),(82,24,43,'1978-11-28 22:21:25'),(83,27,91,'2013-08-15 08:22:06'),(84,13,11,'1977-11-06 02:07:06'),(85,17,45,'1990-06-07 01:42:11'),(86,19,10,'2021-07-12 06:16:26'),(87,84,14,'1974-04-17 20:45:10'),(88,59,2,'1977-09-18 06:16:26'),(89,57,89,'1997-11-13 19:17:31'),(90,96,92,'2018-07-24 02:53:57'),(91,17,15,'2011-09-06 08:07:15'),(92,59,40,'2017-11-25 03:34:44'),(93,100,31,'1985-05-10 04:25:24'),(94,1,14,'1976-12-04 23:09:05'),(95,94,41,'1981-03-01 22:13:00'),(96,36,50,'1998-02-25 12:22:53'),(97,21,60,'2006-04-10 00:14:39'),(98,93,47,'2017-12-09 18:59:52'),(99,51,6,'2016-12-29 08:52:44'),(100,58,67,'2006-09-14 12:21:50');
/*!40000 ALTER TABLE `likes` ENABLE KEYS */;
UNLOCK TABLES;

--
-- Table structure for table `media`
--

DROP TABLE IF EXISTS `media`;
/*!40101 SET @saved_cs_client     = @@character_set_client */;
/*!40101 SET character_set_client = utf8 */;
CREATE TABLE `media` (
  `id` bigint(20) unsigned NOT NULL AUTO_INCREMENT,
  `media_type_id` bigint(20) unsigned DEFAULT NULL,
  `user_id` bigint(20) unsigned NOT NULL,
  `body` text COLLATE utf8mb4_unicode_ci DEFAULT NULL,
  `filename` varchar(255) COLLATE utf8mb4_unicode_ci DEFAULT NULL,
  `size` int(11) DEFAULT NULL,
  `metadata` longtext CHARACTER SET utf8mb4 COLLATE utf8mb4_bin DEFAULT NULL CHECK (json_valid(`metadata`)),
  `created_at` datetime DEFAULT current_timestamp(),
  `updated_at` datetime DEFAULT current_timestamp() ON UPDATE current_timestamp(),
  PRIMARY KEY (`id`),
  KEY `user_id` (`user_id`),
  KEY `media_type_id` (`media_type_id`),
  CONSTRAINT `media_ibfk_1` FOREIGN KEY (`user_id`) REFERENCES `users` (`id`) ON DELETE CASCADE ON UPDATE CASCADE,
  CONSTRAINT `media_ibfk_2` FOREIGN KEY (`media_type_id`) REFERENCES `media_types` (`id`) ON DELETE SET NULL ON UPDATE CASCADE
) ENGINE=InnoDB AUTO_INCREMENT=101 DEFAULT CHARSET=utf8mb4 COLLATE=utf8mb4_unicode_ci;
/*!40101 SET character_set_client = @saved_cs_client */;

--
-- Dumping data for table `media`
--

LOCK TABLES `media` WRITE;
/*!40000 ALTER TABLE `media` DISABLE KEYS */;
INSERT INTO `media` VALUES (1,1,24,'Tempora in quia porro numquam. Est quia ut et ducimus voluptas quia ex. Vero quasi aperiam cumque fuga recusandae possimus voluptatem. Et mollitia quia eos nisi occaecati.','dolorem',13094582,NULL,'2011-07-12 20:40:05','1987-12-08 06:05:05'),(2,2,72,'Qui sed voluptas vel nesciunt est eaque perferendis. Sit non tempore dolores vel architecto delectus mollitia. Fugiat hic quo vel consequatur.','voluptas',126482,NULL,'2020-01-23 04:57:02','2001-07-08 10:30:53'),(3,3,42,'Praesentium quaerat perspiciatis nobis ea expedita dolore. Natus est velit eum quo doloremque optio. Ipsam sunt nesciunt quis natus. Eos et dolore velit assumenda.','aut',2567,NULL,'2014-02-04 05:07:44','1978-11-02 21:51:03'),(4,4,28,'Veniam illo dolores corrupti quam necessitatibus quaerat. Voluptatem vel ratione fuga ut repellat sed. Voluptas sit aut est eius. Soluta sint maxime repellendus pariatur.','perspiciatis',6,NULL,'2016-08-24 15:16:55','1983-08-06 09:25:49'),(5,5,27,'Eligendi sed assumenda aliquid ex natus. Aliquid eveniet dicta et quidem velit aperiam ut. Voluptas et ut voluptatem eos possimus cupiditate nam. Consequatur dignissimos vitae sit consequatur rem ipsam dolor.','facilis',16575,NULL,'2019-09-26 06:38:47','1994-03-04 10:57:47'),(6,6,3,'Ut sint laborum expedita minima cumque velit. Iure unde repellendus veritatis soluta numquam veniam. Qui reiciendis qui fugiat fugit molestias. Ut rerum similique omnis est. Quia est ipsum qui tempore sunt.','omnis',47,NULL,'1989-11-02 07:27:06','1997-08-15 02:35:11'),(7,7,14,'Illo soluta voluptas tenetur sapiente eos eius. Suscipit quaerat distinctio voluptas rem qui explicabo. Enim iure aut vero.','facilis',24,NULL,'2012-03-12 17:46:32','1997-09-07 17:21:40'),(8,8,49,'Aliquam dolores non tempora. Et odio expedita numquam et labore dolores omnis. Totam quae voluptatem consequatur modi. Possimus reprehenderit repellendus et cum iusto dolores quae aut.','quia',531245330,NULL,'1974-10-17 11:46:32','1989-11-13 01:39:19'),(9,9,32,'Rem repudiandae aut sit ad nulla. Cumque omnis rerum incidunt. Et et autem vitae nemo ut dolores possimus.','minus',96,NULL,'2000-05-18 11:47:34','2002-11-14 19:08:36'),(10,10,89,'Esse voluptates laborum nostrum ut esse praesentium sit. Assumenda non eligendi ut harum quidem consequatur dicta. Cum dolorum veritatis non.','temporibus',23469853,NULL,'1977-02-02 02:53:59','2022-03-05 23:00:05'),(11,11,44,'Quia ab est delectus rerum recusandae qui accusantium. Autem sunt omnis magnam adipisci reprehenderit. Sed dolor qui porro consequatur temporibus vel. Quod ut dolorum excepturi ducimus enim.','unde',0,NULL,'2005-11-23 11:32:50','1989-10-08 10:37:42'),(12,12,54,'Eius nobis officia molestiae et. Rerum iste numquam sed totam ut alias qui quasi. Dolore cumque ut minus mollitia impedit facere error.','quia',816420145,NULL,'1973-10-02 14:10:21','2019-11-08 09:37:50'),(13,13,85,'Magni quasi ex laborum ea architecto aut. Minus numquam quia et consectetur architecto. Ducimus adipisci officia rerum quibusdam aspernatur quia consequatur. Quasi optio hic repellendus dolorem reiciendis dolores quo.','et',116418147,NULL,'1999-02-25 23:01:28','1970-07-17 19:00:37'),(14,14,85,'Libero sed nostrum perferendis alias consectetur iste sit. Et aut debitis quos in porro. Animi quia quasi id at. Repellat neque ut quam non at dicta.','voluptas',225814,NULL,'1994-12-27 10:21:58','1981-11-01 10:06:04'),(15,15,50,'Qui necessitatibus dolore dolorem voluptates sed perspiciatis illo. Tempore eligendi consequatur repellat ipsam. Et voluptatem perferendis consectetur exercitationem ab quia.','qui',97,NULL,'2000-10-27 22:21:15','1992-08-21 14:50:33'),(16,16,49,'Dicta qui ab quasi distinctio ratione corrupti. Doloremque aut doloremque quae enim tempora et molestiae. Enim aut quam aliquid vel. Nobis quis ipsa non ut tempora numquam corrupti.','iure',597873243,NULL,'1982-05-03 11:34:14','1988-02-09 15:56:53'),(17,17,67,'Ea repellendus placeat debitis voluptatem necessitatibus. Optio quo architecto porro doloremque odit. Ducimus ea placeat odio non.','similique',97,NULL,'2016-02-11 21:55:34','1996-05-29 15:54:42'),(18,18,62,'Ut illum illum excepturi molestias dolorem ipsam. Et magni est sed consequatur cum.','voluptatum',851988045,NULL,'2018-10-06 08:34:06','1985-03-21 10:30:11'),(19,19,18,'Omnis exercitationem id quibusdam praesentium. Cupiditate nostrum rerum unde aliquam at sed laboriosam. Sint aut similique nulla eveniet dignissimos rerum. Minus odio aliquam et ut.','tenetur',10,NULL,'1978-02-26 17:19:28','1982-01-20 19:51:23'),(20,20,65,'Et corporis harum aliquam ipsam autem et. Velit id error et modi vero. Qui doloremque quibusdam odit.','tempore',85,NULL,'2020-09-26 08:51:50','2019-11-06 11:04:58'),(21,21,3,'Minima quo quia pariatur quidem enim minus incidunt. Laudantium corporis consequatur vero aut iusto et. Sed ipsum et tempore incidunt aliquid eos.','expedita',62059,NULL,'2001-02-22 22:23:07','2014-12-29 20:47:10'),(22,22,28,'Corporis repudiandae odio autem non explicabo temporibus quidem. Voluptates quasi qui velit aspernatur assumenda. Dolorem quam labore odit modi. Ullam facilis eaque rerum est.','aut',0,NULL,'2017-06-29 17:59:07','1978-09-16 09:40:40'),(23,23,81,'Recusandae sed eligendi architecto vel id non. Qui dicta explicabo aliquid vel alias voluptatem. Numquam ea architecto debitis eligendi nulla itaque.','culpa',66,NULL,'1970-05-01 06:57:09','2012-09-17 13:12:32'),(24,24,21,'Quisquam est aut consequatur aut et et quis. Distinctio nihil aut culpa voluptas temporibus. Enim aspernatur enim id enim labore.','tempore',0,NULL,'1987-06-10 11:51:29','1989-12-21 05:11:57'),(25,25,35,'Placeat et natus voluptatum autem est nisi quasi. Recusandae ut rerum laudantium adipisci in ut saepe sed. Natus error voluptatum sequi eos iure et. Aut sint molestiae error aut voluptatum ut quis.','sit',2774681,NULL,'1971-10-30 10:18:06','2005-09-01 16:32:33'),(26,26,77,'Cupiditate voluptatum odio accusamus commodi aut. Libero atque qui aliquid.','fugiat',9656,NULL,'2008-11-01 06:02:30','1994-09-25 03:23:55'),(27,27,98,'Voluptas cumque aut sed voluptatibus voluptate enim pariatur. Corporis nihil minima officiis aspernatur. Cupiditate ut vero voluptatem earum itaque.','libero',732957158,NULL,'1989-02-02 11:30:36','2021-07-26 10:30:59'),(28,28,90,'Harum ad aut aut voluptatem sunt. Corporis non ipsam quaerat earum rerum. Omnis minima et voluptas laudantium. Quo accusantium fugit distinctio non.','repellendus',125563567,NULL,'1991-02-23 04:52:47','1984-07-24 06:13:50'),(29,29,34,'Itaque natus aut perspiciatis sit perferendis sequi quidem. Dignissimos magni cum aspernatur voluptatum rerum similique. Qui velit blanditiis aut ducimus qui esse eveniet.','soluta',3487589,NULL,'1988-03-04 13:13:45','1974-04-22 04:00:51'),(30,30,15,'Atque quos a qui est fugit. Dicta sed quod corrupti inventore repellendus quaerat et tempore. Consequuntur perferendis aut eum velit. In atque aliquid et ex. Exercitationem accusamus sint magni necessitatibus sit sed.','et',293873,NULL,'2021-04-04 09:46:23','2000-10-25 04:16:55'),(31,31,35,'Optio blanditiis similique nihil laudantium repellendus voluptas. Aliquam aliquam ut possimus labore ut quia. Accusantium et reiciendis est et et voluptatibus quia aut. Magnam asperiores beatae perferendis velit tempora.','aspernatur',1,NULL,'2003-06-27 19:23:21','2020-05-17 19:45:32'),(32,32,57,'Natus illum maiores exercitationem quis et ducimus voluptas. Et harum nostrum dolores mollitia. Neque minus et reprehenderit dolores velit omnis ab.','dolore',3131548,NULL,'1981-01-14 14:41:14','1996-01-19 16:03:50'),(33,33,87,'Laudantium ea consequatur in excepturi facilis molestiae. Velit qui consequatur commodi. Sed sequi iure placeat nobis.','nam',38,NULL,'1970-08-25 13:48:42','1986-06-05 11:16:18'),(34,34,77,'Voluptatem dolorem ut voluptate quidem. Sit laboriosam optio nihil officiis ut cum quos.','nisi',439778600,NULL,'2011-01-08 11:36:43','1996-04-21 01:00:49'),(35,35,85,'Qui blanditiis dolorem voluptas. Sed rerum quo nostrum consequatur in at doloremque. Et minima in doloremque odit qui.','dolore',95,NULL,'1984-08-13 10:09:02','2009-10-05 23:23:17'),(36,36,13,'Dolore autem voluptatem corrupti et. Et at natus distinctio porro architecto rerum. Nostrum provident veritatis aut aut dolor veritatis veritatis earum.','qui',79364,NULL,'2010-06-03 09:18:18','1984-05-25 04:37:18'),(37,37,79,'Vel est odit asperiores et. Pariatur cupiditate ex quae ut eaque est perferendis. Doloribus sint quia unde voluptas incidunt.','ipsam',3,NULL,'2021-01-24 20:32:57','2009-06-21 17:59:42'),(38,38,98,'Fuga magni quos in eius qui aspernatur. Eveniet et consequatur est quasi. Illum eligendi est vero enim sed cupiditate. Blanditiis sint totam distinctio magni quibusdam odit.','minus',679,NULL,'1987-02-12 13:22:35','2009-01-16 02:04:44'),(39,39,62,'Laboriosam et omnis accusantium quis. Sunt natus asperiores id asperiores id id. Totam est libero eum vero ipsa asperiores iusto. Ut ut et similique atque labore.','quae',206,NULL,'1971-12-09 12:14:16','1971-02-28 02:44:53'),(40,40,11,'Velit voluptates in nisi cumque commodi molestiae dignissimos ratione. Deleniti eos rerum eveniet quaerat eum ducimus. Voluptatem dolores voluptatem ut corrupti laborum ea porro. Corporis provident totam earum.','doloribus',563362287,NULL,'1971-09-22 17:06:31','1978-05-09 23:49:49'),(41,41,86,'Nesciunt quis blanditiis sint porro voluptates. Voluptatem et tempore natus sunt aperiam tempore exercitationem. Excepturi repudiandae accusantium nihil at nostrum amet. Culpa est et ex eveniet ut. Aut qui qui qui iure repellat ex ut.','quo',85691,NULL,'2005-04-14 04:06:31','1972-12-11 12:11:45'),(42,42,6,'Rerum optio voluptas laudantium vero molestiae et cupiditate numquam. Voluptatem et sit ut voluptates. Labore quia impedit maiores et repellat rerum omnis quos.','qui',88313337,NULL,'1988-04-19 03:49:01','2006-09-09 12:51:24'),(43,43,65,'Illo molestias alias exercitationem. Explicabo soluta harum iusto tempore. Tempore numquam quo voluptas ut neque perferendis id exercitationem.','corrupti',344891292,NULL,'1975-11-26 07:15:20','2021-04-28 07:29:08'),(44,44,71,'Atque a molestias perferendis. Omnis deserunt repellendus nam voluptas.','sit',794965,NULL,'2007-06-10 17:50:21','1983-12-22 15:22:58'),(45,45,90,'Exercitationem libero reiciendis ut voluptas. Aut omnis et non ut. Quidem laboriosam voluptatem et assumenda corporis et temporibus.','dignissimos',1288,NULL,'1991-07-04 19:25:34','2019-01-18 13:08:12'),(46,46,14,'Aspernatur voluptas vero omnis optio vitae qui sint. Totam excepturi quam sed doloribus est. Perspiciatis dolor autem veniam nostrum.','voluptate',171328,NULL,'2002-04-11 16:56:57','2007-10-02 23:51:28'),(47,47,19,'Quibusdam quod accusamus atque voluptatem. Voluptatum aut omnis provident numquam magnam non recusandae. Cum saepe impedit est ut iusto fugit. Eius aliquam vel assumenda quibusdam enim.','magni',0,NULL,'2011-06-01 16:48:29','2001-06-01 03:01:01'),(48,48,56,'Sit reprehenderit cupiditate distinctio qui. Deleniti et eos fugiat eveniet id ipsam magni. Id quo consequuntur veritatis consectetur. Pariatur numquam minus qui et sunt.','et',38267,NULL,'1974-10-04 04:10:36','1989-03-28 08:27:13'),(49,49,75,'Est quod aspernatur ut illum voluptatem minus ea. Non numquam velit veniam exercitationem. Eius rerum dolor ex et soluta aperiam consequatur. Vel et facilis beatae consequatur dolore sed est. Pariatur ea quia non sequi eos voluptatem.','doloremque',8,NULL,'1999-11-13 02:37:11','1975-03-04 22:50:41'),(50,50,36,'Qui dolorem architecto nostrum nulla ut. Quia ratione recusandae illum commodi quibusdam. Sunt sunt omnis officia perferendis. Animi aut ea qui culpa ea.','consequatur',873482187,NULL,'2007-06-08 00:41:01','1990-03-08 04:57:35'),(51,51,21,'Earum laudantium deserunt deleniti minus. Fugit culpa consectetur commodi iste. Sed consectetur ut est est. Reprehenderit sed nisi eos quaerat sed magnam. Deleniti ipsa rem facilis quasi dolor.','maxime',961,NULL,'1974-06-29 04:44:08','1984-01-26 11:18:00'),(52,52,77,'Repudiandae fugit consequuntur officia vitae voluptatum molestias ea. Non fugiat accusamus et. Qui inventore sed eligendi sed.','qui',31,NULL,'1986-07-26 13:31:55','1995-09-04 23:21:19'),(53,53,64,'Eum beatae beatae iusto eum repellat aliquam. Voluptatem blanditiis delectus quidem perferendis. Eveniet aspernatur excepturi labore commodi sed. At aut officiis aut saepe.','doloribus',80,NULL,'2003-07-10 11:03:13','1976-12-26 23:25:13'),(54,54,1,'Modi qui nostrum et itaque optio aliquid enim sapiente. Sit mollitia nisi reiciendis in debitis eum. Quas at esse quis nihil.','ea',128105100,NULL,'1991-04-08 04:35:47','2012-10-21 22:04:04'),(55,55,98,'Quibusdam enim officia rerum libero saepe nemo deserunt. Culpa fugiat aperiam illum laborum et. Doloribus nam doloribus repellendus accusamus fuga sit expedita. Sit fugit et mollitia laboriosam ea dolorem ab. Vel repellendus qui sit sequi distinctio numquam eos.','quod',62,NULL,'1976-01-13 18:49:04','1992-10-12 14:08:25'),(56,56,98,'Optio impedit ut impedit recusandae qui. Fugit voluptas quae non nisi eveniet. Eveniet a quisquam omnis repudiandae fugit expedita. Repudiandae ratione ut doloribus assumenda exercitationem sed expedita.','maxime',20,NULL,'2008-11-07 14:52:42','2004-10-01 12:53:19'),(57,57,77,'Qui debitis repellendus nam. Quas omnis impedit laborum at et. Laborum ut voluptatem officia inventore atque enim. Voluptas unde dolores perferendis illum quod reprehenderit.','qui',790614,NULL,'2001-12-07 13:43:36','1978-03-28 14:45:47'),(58,58,95,'Ipsam ut et explicabo sequi delectus illum. Velit et libero maiores quia.','consectetur',986,NULL,'1983-09-21 02:34:52','2009-09-14 15:44:53'),(59,59,88,'Aperiam fugit mollitia in nihil. Facere qui hic omnis recusandae provident. Quae sint provident suscipit ut nesciunt reiciendis facilis.','voluptatibus',52410,NULL,'2007-02-22 18:19:36','1991-05-17 18:20:33'),(60,60,11,'Rerum atque ipsam impedit fugiat voluptatibus quis quia. Similique et quae dicta perferendis blanditiis incidunt. Eos ut soluta harum repudiandae libero. Vero dolor libero dolorem ullam modi ab.','ipsum',82,NULL,'1981-10-30 05:50:13','1988-04-12 07:17:08'),(61,61,10,'Nihil ut dolores enim ut quasi inventore nisi. Quia aut earum suscipit et sed. Dolor ut et velit. Incidunt explicabo repellat aliquam aspernatur.','minus',57,NULL,'2009-11-14 10:52:55','2021-02-11 13:06:01'),(62,62,23,'Ipsam assumenda praesentium eos inventore ut dicta molestiae. Sunt necessitatibus fugit occaecati aliquid et est dicta. Non et dolorum voluptas.','perferendis',824,NULL,'2000-07-11 16:37:37','2008-01-23 06:03:02'),(63,63,67,'Labore aut iste quam iusto. Iure dignissimos quas ipsum odit. Rerum voluptatum et ipsa repudiandae sint ipsum impedit sit.','et',791307,NULL,'1995-05-02 09:43:38','1976-08-13 15:25:30'),(64,64,96,'Maxime nihil quo et ea. Nam fuga ut tempora aut culpa. Voluptas repellendus qui hic aut libero iure quia nulla.','necessitatibus',52722750,NULL,'1975-04-05 15:23:05','1989-09-13 00:13:41'),(65,65,99,'Inventore beatae voluptates reiciendis voluptas voluptas quidem ut. Ea et est voluptas soluta facilis voluptas. Hic et expedita assumenda et.','praesentium',95570,NULL,'2019-01-17 14:05:11','2008-01-11 01:20:07'),(66,66,51,'Id optio ipsum ullam. Voluptas reiciendis molestiae corrupti quia officia. Eum voluptatem in esse sit impedit esse omnis. Aut mollitia vel voluptates dignissimos.','soluta',0,NULL,'1999-09-22 11:36:48','2017-12-18 14:23:56'),(67,67,9,'Cum voluptas aut quia est dicta omnis enim laudantium. Maiores error qui odio debitis consequuntur deleniti corrupti. Autem hic dolores iste nesciunt.','minima',4013,NULL,'2003-12-02 08:37:24','2019-05-01 20:26:34'),(68,68,78,'Repudiandae architecto dolores in consequuntur maiores ea illum enim. Consequuntur itaque et porro veniam aut unde dolorem.','nam',0,NULL,'1972-01-04 16:36:49','1989-01-21 20:19:54'),(69,69,48,'Aperiam et et delectus aut quos veniam debitis. Adipisci assumenda et consequatur optio qui. Asperiores aut et dicta nesciunt laboriosam.','voluptas',951,NULL,'1973-10-31 03:28:17','2016-05-23 21:54:09'),(70,70,71,'Quis ipsum dolores fugit alias tenetur. Cupiditate ipsam beatae aut cum. Ipsum nihil tempora et quis ratione nihil veniam.','rerum',757963141,NULL,'1987-03-05 20:35:31','1978-01-18 22:57:30'),(71,71,89,'Error amet ut ullam eos explicabo. Qui voluptatibus consectetur corporis rem. Molestiae animi rerum in ratione.','ut',817988364,NULL,'2008-03-04 13:28:42','1995-09-05 20:54:17'),(72,72,34,'Dolore optio qui magnam maiores sed incidunt. Praesentium voluptate molestiae omnis quis distinctio recusandae. Et voluptatem porro dolore velit officiis. Dolorem suscipit autem aliquam.','ab',52,NULL,'2010-08-08 00:33:45','1975-10-09 18:27:45'),(73,73,76,'Reprehenderit placeat veritatis velit deserunt. Non suscipit velit dignissimos vero velit. Similique mollitia qui magnam fugit. Distinctio consequatur omnis nisi id fugit soluta perspiciatis voluptate.','deleniti',723355,NULL,'1977-01-28 16:31:23','2002-04-07 04:41:19'),(74,74,54,'Minus molestiae iusto et laboriosam. Eligendi est fuga dolores qui doloribus distinctio. In aut earum aspernatur ad. Sequi in odio asperiores qui voluptas tempore esse.','fugit',5748,NULL,'1990-09-21 16:49:20','1974-05-10 01:51:39'),(75,75,5,'Laudantium quam dolorem atque. Recusandae dignissimos quia quia odit vel laborum. Ut vel eos aut sequi. Quasi quas ducimus vel sint est enim blanditiis labore. Sit earum quibusdam vitae natus quo ipsum non expedita.','qui',18203,NULL,'2005-04-17 12:36:52','1976-12-04 18:26:20'),(76,76,65,'Et suscipit voluptatem accusantium quas. Odit a sit eum praesentium consequuntur et perspiciatis.','qui',686613,NULL,'2002-07-20 13:32:46','1984-06-26 18:32:27'),(77,77,67,'Sunt hic sequi occaecati tempora. Est et repellendus natus dolores iusto nam dicta. Omnis ut harum optio asperiores voluptatem laborum. Ducimus velit illo sit voluptatem expedita.','voluptatibus',13384199,NULL,'1983-03-15 05:54:17','1996-04-07 07:18:48'),(78,78,23,'In soluta saepe excepturi corporis. Est molestias aut placeat quia ullam. Quam a eos tempora temporibus saepe qui accusamus. Et debitis blanditiis nam voluptate deleniti quas quia et.','aut',1,NULL,'1989-03-31 08:15:30','1981-08-16 14:53:07'),(79,79,21,'Velit vel voluptatem quaerat sunt et. Nemo cum rerum magni dicta officiis quisquam optio. Consequuntur sint minima cum rerum earum maiores dolorem. Est quia dolorum impedit alias sapiente voluptatibus.','voluptatum',367,NULL,'2007-05-21 01:33:21','1978-07-13 09:11:05'),(80,80,42,'Id dolorem blanditiis aut fugit quia saepe. Et enim illo accusantium at at animi suscipit. Omnis est et nesciunt vitae saepe occaecati non. Enim doloremque consequatur impedit ratione officiis sunt itaque.','quo',8346,NULL,'2009-05-03 01:36:36','1975-09-19 20:57:37'),(81,81,59,'Sed et impedit ex aliquam exercitationem. Cumque corporis eligendi velit nesciunt. Rerum non veritatis libero. Dignissimos quod expedita tenetur quo.','ea',96,NULL,'2011-06-18 04:46:36','1981-08-23 02:42:54'),(82,82,41,'Iusto optio qui optio omnis officia voluptatem est. Soluta sed est ipsum non nostrum optio. Tempora consequuntur fugiat pariatur. Eius facere id libero. Sunt et officia laudantium esse accusantium et.','illo',39122,NULL,'2005-03-30 06:22:28','2006-02-23 09:48:11'),(83,83,19,'Expedita esse quia fugiat exercitationem dolor. Non inventore omnis consequatur et. Ipsum incidunt at itaque repellendus aliquid unde. Id qui laborum voluptatem sed voluptate excepturi et.','magni',756922515,NULL,'2004-02-06 05:33:09','2011-12-17 18:19:26'),(84,84,22,'Laboriosam vel delectus fugit architecto. Ipsum et dolor fugiat et veritatis est veritatis. Sint distinctio velit voluptatem ut a. Sed rerum beatae at enim aut et.','quia',50058808,NULL,'1986-03-06 14:10:49','1996-06-04 10:19:07'),(85,85,42,'Neque aut debitis esse nihil labore aut est quis. Error quia minima non dolore doloribus facilis voluptate. Quasi eum voluptas odit omnis excepturi aut modi ut. Quaerat placeat voluptatem ea dignissimos vero.','nihil',0,NULL,'1983-07-27 08:26:05','1977-09-06 09:02:53'),(86,86,16,'Reprehenderit quisquam et deserunt et distinctio doloremque et. Cumque et sed sit aspernatur. Non et consequatur fugit ea et. Mollitia qui quia eaque debitis voluptas voluptatem.','aspernatur',813438590,NULL,'1996-09-27 01:29:18','2012-09-23 22:03:57'),(87,87,20,'Quo in sint nihil itaque. Porro est sunt unde.','veritatis',852006012,NULL,'1991-02-11 07:35:24','1979-05-24 06:35:07'),(88,88,18,'Nam blanditiis sed exercitationem possimus repellat iusto optio velit. Itaque praesentium libero sunt tempora aliquam dolor. Ipsa id et ipsum nesciunt illum sequi cumque.','quo',563,NULL,'1970-02-09 18:44:27','1993-04-21 09:55:38'),(89,89,11,'Expedita reprehenderit sed unde qui aperiam odit qui. Eius maiores qui dolorem dolore. Sequi dignissimos est nemo non quia nobis soluta ut.','aut',58584,NULL,'2001-09-27 00:21:43','2008-02-19 02:36:44'),(90,90,8,'Quod enim et dolore illo fugit commodi vero. Facere sunt id distinctio eum qui est at eos. Et esse velit sint omnis et dolorum dignissimos. Ad veniam consequatur aliquam porro exercitationem.','sed',0,NULL,'1993-08-06 23:53:58','2016-09-03 10:32:41'),(91,91,28,'Sunt quam autem mollitia et eum maxime. Neque dolor facilis quia voluptas ex. Voluptatibus natus quaerat perferendis amet iste voluptas. Maiores consequatur cumque id dolor officiis.','dolor',220,NULL,'1997-02-03 17:04:18','1989-07-06 06:26:51'),(92,92,20,'Qui exercitationem doloribus eum illum qui. Tenetur est pariatur nulla voluptate ducimus. Quia enim qui culpa maxime.','nihil',337590127,NULL,'1996-09-11 11:01:59','1976-04-14 13:31:12'),(93,93,30,'Voluptatem non cum nemo dolor. Soluta est suscipit officiis. Officia in ut sequi laudantium dolorem. Ut incidunt non dolor.','est',78030223,NULL,'1992-10-26 08:11:44','2010-03-29 08:10:28'),(94,94,95,'Molestiae fuga quibusdam non qui architecto. Earum molestiae vitae harum iure aliquid. Fuga cupiditate quidem ipsam. Vitae veritatis eum voluptas qui eligendi ducimus. Asperiores provident tempora nihil.','cupiditate',429829519,NULL,'1977-02-24 05:00:20','1975-10-17 04:46:01'),(95,95,16,'Praesentium aliquam ex odio tenetur nihil veritatis. Aut nihil odit nam ut ipsam.','rem',509,NULL,'1987-04-04 03:14:12','2002-08-15 03:56:24'),(96,96,29,'Dolorum quae ex enim qui. Sed cupiditate adipisci et omnis. Deserunt aut labore labore dolore sint et ipsam. Repellat ea omnis modi autem.','ipsa',456178016,NULL,'2004-11-15 04:41:37','1978-02-27 04:59:01'),(97,97,46,'Repellendus quo eum unde vel voluptates. Eveniet aliquam qui quo delectus aut sunt. Dolores quis deleniti ea aut.','rerum',0,NULL,'1972-01-04 14:17:40','2003-12-25 03:24:31'),(98,98,25,'Voluptas facilis provident ut qui dolorem aperiam. Facilis aut consequuntur commodi fuga ut tenetur qui laboriosam. Quae aspernatur sunt velit qui.','deleniti',871462,NULL,'1991-07-05 22:52:00','1986-09-12 18:56:17'),(99,99,7,'Iure rerum quos saepe ullam. Accusamus numquam sint quas ducimus necessitatibus eos aut. Eligendi molestiae sit dolorem sed et eveniet beatae.','velit',7059904,NULL,'1993-06-16 18:38:28','2010-09-27 23:44:15'),(100,100,94,'Necessitatibus et corporis reprehenderit quia est. Aliquam consectetur nihil asperiores corrupti unde ducimus.','exercitationem',992,NULL,'1987-06-16 12:07:29','1985-11-13 13:45:58');
/*!40000 ALTER TABLE `media` ENABLE KEYS */;
UNLOCK TABLES;

--
-- Table structure for table `media_types`
--

DROP TABLE IF EXISTS `media_types`;
/*!40101 SET @saved_cs_client     = @@character_set_client */;
/*!40101 SET character_set_client = utf8 */;
CREATE TABLE `media_types` (
  `id` bigint(20) unsigned NOT NULL AUTO_INCREMENT,
  `name` varchar(255) COLLATE utf8mb4_unicode_ci DEFAULT NULL,
  `created_at` datetime DEFAULT current_timestamp(),
  `updated_at` datetime DEFAULT current_timestamp() ON UPDATE current_timestamp(),
  PRIMARY KEY (`id`)
) ENGINE=InnoDB AUTO_INCREMENT=101 DEFAULT CHARSET=utf8mb4 COLLATE=utf8mb4_unicode_ci;
/*!40101 SET character_set_client = @saved_cs_client */;

--
-- Dumping data for table `media_types`
--

LOCK TABLES `media_types` WRITE;
/*!40000 ALTER TABLE `media_types` DISABLE KEYS */;
INSERT INTO `media_types` VALUES (1,'itaque','2011-11-20 16:58:15','2002-10-04 12:58:15'),(2,'dolorem','1985-10-04 07:30:10','1997-04-01 18:43:05'),(3,'pariatur','1999-01-19 02:16:35','1999-09-22 15:19:59'),(4,'tempore','2008-10-04 12:31:16','2015-07-01 01:48:46'),(5,'enim','1979-07-29 19:49:44','1974-05-21 16:19:20'),(6,'eligendi','1970-10-17 01:51:13','2005-12-02 14:42:43'),(7,'rerum','1971-12-28 00:14:17','1973-02-05 03:53:39'),(8,'minus','2004-02-18 19:45:18','2016-10-03 20:13:08'),(9,'quia','2016-11-30 16:37:44','1981-09-24 09:01:03'),(10,'eius','1992-06-20 07:16:59','1973-03-02 10:38:31'),(11,'rerum','1988-03-30 09:38:35','1972-01-14 14:20:01'),(12,'aut','1981-02-12 19:52:25','1970-07-06 13:35:41'),(13,'dolores','2002-06-18 09:42:01','1993-07-21 00:48:51'),(14,'numquam','1997-06-21 04:51:00','2018-08-01 00:55:26'),(15,'non','1995-04-20 10:00:03','2006-09-19 08:15:50'),(16,'eos','1975-12-27 21:23:02','1973-08-31 11:11:18'),(17,'laborum','2017-07-31 01:35:54','1991-10-08 09:40:26'),(18,'molestias','1996-11-19 02:02:14','1974-04-11 05:22:28'),(19,'aliquam','2009-03-26 22:30:18','1987-04-02 16:34:49'),(20,'nisi','1986-01-15 03:43:48','1993-02-18 10:23:03'),(21,'debitis','1983-12-19 16:56:22','1995-12-17 17:33:02'),(22,'sint','1971-09-19 00:16:25','1984-05-30 22:12:38'),(23,'earum','1980-09-09 17:47:25','2015-11-12 17:25:49'),(24,'impedit','1994-12-20 07:11:13','1999-06-27 07:56:24'),(25,'deserunt','1977-02-03 10:31:16','1998-08-15 10:28:41'),(26,'qui','1982-10-21 04:56:20','1986-07-29 02:13:29'),(27,'officiis','2010-11-19 16:29:02','1987-09-12 03:16:04'),(28,'tempore','2019-05-06 07:56:58','1978-01-05 01:18:13'),(29,'sint','2000-08-30 16:32:16','1974-04-13 17:06:31'),(30,'perspiciatis','2016-02-17 03:38:41','2009-07-21 21:57:57'),(31,'laudantium','1984-09-28 10:50:55','1993-12-15 06:19:39'),(32,'ipsa','1998-01-29 21:52:52','1996-03-03 02:05:05'),(33,'ipsum','2008-07-25 06:14:13','2016-12-11 23:07:52'),(34,'tempora','1993-04-02 08:00:58','2003-05-11 11:36:25'),(35,'minus','1986-03-22 18:51:57','1993-04-13 17:15:46'),(36,'accusantium','1980-03-28 12:55:31','2001-05-11 02:05:56'),(37,'ad','2012-08-18 02:08:41','2011-03-25 02:22:20'),(38,'blanditiis','2007-12-20 11:10:36','1986-12-08 11:39:25'),(39,'accusantium','2000-11-30 02:34:35','2014-09-13 00:19:30'),(40,'et','1985-03-26 01:25:02','1971-04-16 14:18:31'),(41,'nisi','2012-01-19 18:04:54','1999-07-23 23:37:03'),(42,'quia','1998-01-10 14:27:27','1996-11-22 21:47:57'),(43,'quo','1982-05-03 01:17:11','1998-12-26 23:01:57'),(44,'molestias','1986-07-10 10:31:11','2014-07-25 20:02:20'),(45,'sit','1972-01-16 06:29:56','2019-05-15 04:33:13'),(46,'et','1996-11-05 02:01:32','1977-03-22 12:23:06'),(47,'beatae','2004-01-02 02:28:00','1999-10-30 03:12:44'),(48,'consequatur','2002-11-03 04:02:49','2018-09-02 09:12:00'),(49,'dignissimos','2018-01-14 09:31:07','2002-07-18 15:46:30'),(50,'voluptas','1997-07-31 00:16:09','1993-02-23 11:00:12'),(51,'vel','1980-07-11 20:48:53','1981-10-27 21:24:40'),(52,'animi','1992-01-30 18:51:30','1982-07-08 18:36:48'),(53,'voluptatem','1999-01-27 08:10:23','1986-01-07 18:44:47'),(54,'aut','2010-01-16 16:52:35','2016-11-09 20:11:36'),(55,'enim','2009-11-27 09:23:57','2009-07-28 19:08:16'),(56,'explicabo','2013-04-15 12:26:17','2001-03-23 07:10:40'),(57,'beatae','1991-04-25 04:49:03','1989-02-12 16:25:31'),(58,'voluptatum','1997-06-25 02:30:57','1991-11-03 16:53:12'),(59,'ea','1992-06-18 03:11:15','1985-06-02 22:45:46'),(60,'nobis','1980-05-27 02:17:24','1981-09-27 09:57:14'),(61,'dolor','2014-01-20 09:54:44','1986-11-23 17:07:59'),(62,'corporis','2006-12-02 05:49:49','1972-06-07 07:44:02'),(63,'sed','2010-06-20 05:36:28','2000-05-18 23:27:33'),(64,'sequi','2011-02-10 21:58:29','1985-09-16 10:21:32'),(65,'quis','1973-07-28 22:46:00','1987-01-12 22:13:31'),(66,'voluptatum','2015-01-31 19:19:41','1970-04-28 10:32:01'),(67,'a','2003-06-10 07:53:44','1979-10-10 22:05:20'),(68,'debitis','1975-12-01 18:04:48','1995-05-23 16:52:29'),(69,'dolorem','1983-11-14 12:04:29','1981-11-15 21:09:17'),(70,'quasi','2017-04-27 20:08:41','2007-04-19 06:21:09'),(71,'exercitationem','1987-04-02 21:39:53','2009-04-28 12:23:22'),(72,'qui','2003-08-10 14:55:20','1980-01-24 10:28:32'),(73,'ut','2015-08-02 18:33:24','1994-08-04 05:35:55'),(74,'iste','2011-07-06 21:37:40','1986-02-14 15:04:07'),(75,'molestiae','2011-01-11 00:42:28','1989-01-03 00:24:35'),(76,'deserunt','2001-11-18 18:42:05','2021-04-02 03:45:00'),(77,'eum','2008-10-27 15:58:25','1978-10-07 03:20:00'),(78,'temporibus','2022-05-19 02:20:14','1986-12-20 22:10:11'),(79,'provident','2022-04-21 23:33:13','2008-08-15 21:24:08'),(80,'labore','2010-01-04 16:18:38','2020-10-30 01:10:42'),(81,'delectus','1981-04-29 23:31:34','1971-11-24 01:13:54'),(82,'et','1989-08-07 07:04:51','1974-01-17 12:12:39'),(83,'laborum','2005-09-16 10:14:54','2014-09-18 09:42:07'),(84,'nobis','1991-02-15 06:49:15','2010-11-02 05:48:11'),(85,'repellendus','1984-11-09 09:22:35','1999-08-01 01:37:04'),(86,'iusto','1998-07-09 13:46:29','1976-02-27 07:58:17'),(87,'expedita','1985-06-20 12:33:50','2009-10-11 13:28:56'),(88,'et','1990-02-21 15:16:09','1988-07-10 12:22:59'),(89,'temporibus','2004-08-07 08:07:25','1997-07-12 09:45:31'),(90,'illum','2005-09-21 19:00:53','2016-02-28 07:24:21'),(91,'reprehenderit','2017-08-13 00:56:43','2000-08-29 18:13:19'),(92,'quia','2006-02-21 05:39:40','1998-02-27 15:46:40'),(93,'nemo','1986-01-21 20:20:19','2007-03-01 03:41:48'),(94,'qui','1983-11-07 01:22:26','2021-03-22 22:23:18'),(95,'assumenda','1974-11-10 01:58:52','1990-08-25 15:48:06'),(96,'facere','1972-03-11 00:58:30','1985-03-19 19:31:40'),(97,'architecto','1992-02-18 14:40:04','1992-02-29 23:44:30'),(98,'corporis','1989-10-22 21:33:17','2010-11-01 18:58:30'),(99,'sunt','1973-06-21 20:45:25','2003-07-10 21:55:28'),(100,'impedit','1987-12-20 14:45:25','1992-08-29 21:17:40');
/*!40000 ALTER TABLE `media_types` ENABLE KEYS */;
UNLOCK TABLES;

--
-- Table structure for table `messages`
--

DROP TABLE IF EXISTS `messages`;
/*!40101 SET @saved_cs_client     = @@character_set_client */;
/*!40101 SET character_set_client = utf8 */;
CREATE TABLE `messages` (
  `id` bigint(20) unsigned NOT NULL AUTO_INCREMENT,
  `from_user_id` bigint(20) unsigned NOT NULL,
  `to_user_id` bigint(20) unsigned NOT NULL,
  `body` text COLLATE utf8mb4_unicode_ci DEFAULT NULL,
  `created_at` datetime DEFAULT current_timestamp(),
  PRIMARY KEY (`id`),
  KEY `from_user_id` (`from_user_id`),
  KEY `to_user_id` (`to_user_id`),
  CONSTRAINT `messages_ibfk_1` FOREIGN KEY (`from_user_id`) REFERENCES `users` (`id`) ON DELETE CASCADE ON UPDATE CASCADE,
  CONSTRAINT `messages_ibfk_2` FOREIGN KEY (`to_user_id`) REFERENCES `users` (`id`) ON DELETE CASCADE ON UPDATE CASCADE
) ENGINE=InnoDB AUTO_INCREMENT=101 DEFAULT CHARSET=utf8mb4 COLLATE=utf8mb4_unicode_ci;
/*!40101 SET character_set_client = @saved_cs_client */;

--
-- Dumping data for table `messages`
--

LOCK TABLES `messages` WRITE;
/*!40000 ALTER TABLE `messages` DISABLE KEYS */;
INSERT INTO `messages` VALUES (1,76,67,'Totam pariatur incidunt pariatur asperiores. Velit quia labore quis adipisci accusantium. Iste et ipsa ratione soluta et. Quis et repellendus quae et facere temporibus perspiciatis aut.','2014-12-20 00:00:00'),(2,58,48,'Odit odit aspernatur nulla aut tempora error. Nihil quibusdam saepe eum molestias. Voluptatem atque eaque et at animi ut at non. Omnis a ut quidem aut quas. Accusantium ipsum ea quia quaerat.','1997-10-06 00:00:00'),(3,37,52,'Cupiditate architecto architecto eaque libero molestias voluptatem. Consectetur ut eum ab in fuga voluptas ut. Nesciunt quia et sunt accusamus deserunt enim.','2013-09-04 00:00:00'),(4,67,20,'Quod vero qui fugit ut. Et necessitatibus alias nulla error molestiae nemo blanditiis.','1987-12-10 00:00:00'),(5,68,61,'Eius commodi repellendus blanditiis iste deserunt natus officia. Maiores enim nisi rerum. Et pariatur omnis eveniet aspernatur enim dolores dolore. Quas ducimus et voluptatum qui quae quam. Veritatis sunt amet iure occaecati dolorem est.','1985-03-08 00:00:00'),(6,41,14,'Quis molestiae numquam autem ipsum accusamus voluptatem. Autem voluptates assumenda eligendi nihil. Officia adipisci enim esse repudiandae. Est in est aliquam.','1977-05-14 00:00:00'),(7,29,71,'Facere tempora tenetur molestiae velit cum. Doloribus dolores aliquid voluptatem ea sint autem. Perspiciatis sequi possimus exercitationem consequatur enim dolores et. Eveniet consequuntur et fuga soluta autem dolor cum. Sunt dolores labore velit reprehenderit.','1970-03-23 00:00:00'),(8,30,80,'Consectetur odio autem harum voluptates sint nihil. Blanditiis amet occaecati ipsa ducimus rem iste.','1975-05-29 00:00:00'),(9,35,59,'Praesentium nam voluptas necessitatibus fugit ducimus dolorem. Aut placeat illum magni quasi. Alias inventore dolor nobis ratione dolorum.','1998-05-29 00:00:00'),(10,10,49,'Expedita sequi quis recusandae hic aspernatur commodi aliquid. Placeat quis doloremque eaque rem rerum voluptatem aperiam temporibus. Et vero voluptatem et ut eum modi vitae.','1997-11-25 00:00:00'),(11,42,55,'Minus neque accusantium maxime reprehenderit. Tenetur eos quam et aliquid. Quia quia porro voluptas voluptatibus ab.','1981-09-25 00:00:00'),(12,66,25,'Nobis facilis voluptatem et rerum. Et eligendi voluptas et deserunt at voluptas. Repellendus ad quae voluptatem provident ut sint cumque repellat.','2023-01-13 00:00:00'),(13,29,66,'Sed velit voluptatem libero qui et saepe. Consequatur sunt qui molestias quo. Eaque at voluptatum vitae quos dolores. Omnis tempora non modi nam suscipit excepturi.','2027-06-13 00:00:00'),(14,38,64,'Animi laboriosam neque aliquam consequatur. Incidunt sunt iusto aliquam officia ea.','1996-03-03 00:00:00'),(15,81,91,'Aut deleniti eius aut ut cum deserunt quis. Rerum quis qui nesciunt quam ad facilis. Cupiditate quas quae id et impedit exercitationem qui tenetur.','1987-02-17 00:00:00'),(16,7,57,'Sed quibusdam expedita nostrum nesciunt consequatur. Cum repellendus et molestiae facere sed delectus. Voluptas officiis eos maxime sed qui.','2017-10-26 00:00:00'),(17,58,65,'Molestiae blanditiis sit similique culpa. Dignissimos praesentium omnis ut sint dolores quia consequuntur. Voluptas fugit et quia omnis.','1989-05-16 00:00:00'),(18,5,95,'Accusamus molestiae molestiae dolorum sunt asperiores nisi et. Harum quis aliquid id molestias consequuntur dolores. Ut accusantium rerum fugiat laborum non ad dolor.','2026-01-21 00:00:00'),(19,17,72,'Quo nihil est nemo numquam. A quam error delectus consequatur excepturi et molestiae. Exercitationem eligendi aspernatur quia culpa est et. Praesentium vitae et dolor nulla.','1976-03-31 00:00:00'),(20,14,85,'Sit sequi voluptas incidunt sint provident. Consequatur eos voluptas nam et non voluptates voluptas. Dolores eos est non. Enim culpa accusantium consequatur itaque voluptatem temporibus qui.','2028-02-07 00:00:00'),(21,32,55,'Velit et ipsum non dolores. Laborum reprehenderit asperiores rerum rerum nobis et aliquid. Aut consequatur est nihil consectetur ipsam doloribus harum eaque.','2019-08-11 00:00:00'),(22,98,60,'Repellat est nisi est animi placeat. Odio quisquam consectetur similique ut vitae est consequatur. Veniam amet reprehenderit animi qui maxime accusamus autem.','2002-12-11 00:00:00'),(23,25,28,'Ducimus beatae expedita quaerat eaque perferendis distinctio. Voluptates est ullam sed sed sit expedita. Et odit consequatur nesciunt sint ut.','2020-07-15 00:00:00'),(24,40,60,'Harum numquam eos voluptas distinctio veritatis doloremque eveniet veniam. Non neque esse ut ratione qui. Est fuga ut sequi pariatur aliquid ipsam est voluptas. Illum dolorem dolorem et et voluptatem a totam.','2029-06-22 00:00:00'),(25,87,49,'Non est ea omnis dolorem eos possimus eaque laudantium. Et expedita quod atque voluptate omnis numquam earum aut. Veritatis laborum quia commodi minima doloremque explicabo harum. Est earum ad autem earum fugit rem. Quidem accusamus totam quod possimus quaerat est excepturi.','1998-03-27 00:00:00'),(26,8,29,'Ab sapiente et ipsum nemo eligendi aut ut. Aliquid non quis sapiente veniam unde et nostrum.','2008-05-21 00:00:00'),(27,3,73,'Eaque corporis vero ad aliquid accusantium saepe. Iure minus et inventore optio quo quidem minus. Vitae molestiae et necessitatibus voluptas. Odit ea iusto consequatur sequi ab laborum officia.','2027-10-03 00:00:00'),(28,54,32,'Voluptas iusto quis deserunt deserunt aliquam. Dolorem aliquid ut maiores eligendi impedit quo dolore. Libero voluptatem distinctio repudiandae alias minima ea ut. Odio esse perferendis dolores omnis.','1982-02-21 00:00:00'),(29,38,91,'Aut explicabo quia et facilis quia id quaerat. Ab expedita iure qui sunt quos error. Eius praesentium ut adipisci nam vero omnis.','2024-09-24 00:00:00'),(30,96,19,'Ex fugit maiores voluptatibus autem quo eos perspiciatis. Quod modi et aliquam repellendus velit at. At ipsa velit voluptatibus est eveniet non tempore. Qui blanditiis aut repudiandae illo nihil impedit.','1990-11-07 00:00:00'),(31,82,2,'Nobis eius voluptas voluptatem accusamus asperiores et iusto officiis. Qui doloremque soluta enim molestias. Magnam ad incidunt facilis adipisci in eveniet omnis.','1991-03-23 00:00:00'),(32,76,40,'Tenetur magni molestiae necessitatibus qui. Possimus omnis porro aspernatur voluptate sed. Omnis quibusdam corporis mollitia aut nulla impedit. Ad perspiciatis impedit id blanditiis. Ut id cupiditate eum.','1999-01-19 00:00:00'),(33,67,80,'Eum laborum aut doloremque odio qui. Cum recusandae nihil ad sed corrupti asperiores. Et cum rem placeat eum nisi dolor assumenda. Ratione aut id corrupti.','2007-10-12 00:00:00'),(34,34,84,'Harum corporis est sit enim. Officiis natus expedita quia voluptatem reiciendis. In libero quos sed.','2020-12-02 00:00:00'),(35,51,48,'Ipsam aut libero enim animi architecto explicabo. Dolore quia repellendus est molestiae nam vitae. Quos sed at possimus. Libero quaerat animi et et rerum placeat dolorem. Beatae debitis incidunt autem nesciunt non molestias.','2006-10-27 00:00:00'),(36,68,83,'Quo aliquid maiores enim natus voluptate. Fugiat ut voluptatem accusamus eaque at sed quasi. Qui quia suscipit minus tenetur impedit. Est vero voluptatum est in inventore ullam.','1988-02-16 00:00:00'),(37,2,66,'Vel assumenda autem eum. Harum aut voluptatum excepturi alias numquam. Aut qui repudiandae ipsam vitae ab enim perferendis veritatis. Similique dignissimos sunt similique quae repudiandae. Recusandae et sed et beatae ea autem veniam blanditiis.','1991-05-01 00:00:00'),(38,43,27,'Aut beatae doloremque consectetur eos. Amet est et officiis aut. Est eligendi at iure sequi ea. Ut quod maiores sapiente et.','2003-10-02 00:00:00'),(39,94,82,'Sed sed assumenda totam error consectetur recusandae non. Voluptate labore incidunt rem aliquam minima eveniet. Similique est dignissimos culpa dolores est. Magni eum et autem iste dolorem.','2026-01-05 00:00:00'),(40,86,80,'Aut eveniet quis explicabo et quos ex expedita. Est unde vel modi et provident commodi. Deserunt fugit alias quisquam assumenda vel quia culpa sed.','1986-09-08 00:00:00'),(41,31,93,'Autem rerum quam ut. Ratione quis eum sapiente commodi veniam aut. Explicabo aut magni sunt voluptatem esse ipsum qui. Vitae quam eum et omnis consequatur sequi unde.','1982-10-04 00:00:00'),(42,8,34,'Aut labore qui dolorum quia. Enim dicta molestias optio sed. Sequi error ut temporibus cupiditate facere.','2010-09-20 00:00:00'),(43,65,61,'Aut amet eum necessitatibus fuga omnis laborum. Voluptate et sed quis ab. Est maxime rem eum in. A occaecati libero nisi eos esse numquam qui.','1986-07-15 00:00:00'),(44,65,3,'Perferendis quod consequatur quod sed. Nobis optio dolorum a ea.','2008-03-25 00:00:00'),(45,52,61,'Voluptas eos quae voluptatibus aut nisi quidem fugit. Quod vel veniam sit cupiditate dolor repellendus deleniti. Ducimus ut corrupti fugiat facilis eum ipsam quasi atque. Omnis esse ut quo temporibus alias consequatur nisi nesciunt.','1998-05-06 00:00:00'),(46,21,34,'Fugiat expedita et qui hic qui sint. Aut eos eos voluptatem dolorum qui placeat quo rerum. Enim aut itaque consequatur. Vel in ut asperiores dolorum.','1997-04-17 00:00:00'),(47,63,96,'Dolorem occaecati optio libero accusamus aut odio. Voluptas error similique laborum rerum molestiae qui voluptatibus. Fuga nihil minus eos eum assumenda.','2022-06-20 00:00:00'),(48,73,29,'Libero iste qui aut aliquam quia aut explicabo. Numquam repudiandae temporibus possimus nam est et sed. Sit quo perspiciatis consequatur dolores quas ut enim aperiam.','2008-03-28 00:00:00'),(49,76,7,'Minima non consequatur hic similique. Et soluta dicta eos eum.','2022-05-26 00:00:00'),(50,12,27,'Culpa iusto molestiae cumque iusto est praesentium autem. Est quam sapiente eum quasi vero.','2021-08-05 00:00:00'),(51,54,80,'Consequatur explicabo dignissimos expedita fuga corporis. Expedita molestias consectetur laudantium itaque ipsam sint facere sed. Quos sunt et et.','2005-03-23 00:00:00'),(52,9,56,'Laboriosam eius est aut quia dicta accusamus qui asperiores. Reiciendis cumque et fuga earum molestias. Ipsa nulla suscipit ipsum delectus.','2018-12-18 00:00:00'),(53,45,51,'Nihil suscipit possimus et enim non eos. Et est voluptatem voluptatem et officia. Ratione fugiat ut dolorum. Nesciunt sint et et aliquam veritatis quia officia facere.','2024-04-01 00:00:00'),(54,82,38,'Debitis officia quis suscipit quasi. Quo repellat vitae maiores excepturi voluptatibus. Reiciendis id et consectetur et est dolores praesentium et.','2017-08-20 00:00:00'),(55,33,67,'Autem qui tempora et. Unde quibusdam molestiae repudiandae. Aut tempora qui hic vero nihil reiciendis. Qui omnis commodi earum et tempora unde mollitia odio.','1990-05-13 00:00:00'),(56,18,63,'In dolor sed et quia. Autem repudiandae reprehenderit qui ut voluptatem omnis et. Delectus nihil quod optio numquam maxime omnis.','1998-05-01 00:00:00'),(57,60,25,'Quas animi odio delectus mollitia corrupti officiis quia. Temporibus voluptas facere dolorem ullam. Aut distinctio sed deleniti facilis. Ut ullam qui occaecati beatae eius velit. Eum reprehenderit sapiente laboriosam debitis repellat.','1987-01-04 00:00:00'),(58,96,25,'Aliquam soluta iste placeat a similique impedit temporibus. Qui ullam fugit rerum explicabo qui. Officia voluptatem et repellat doloremque ab in est. Dolorem nisi repellat eos laudantium.','1993-09-21 00:00:00'),(59,86,61,'Eum iste voluptatem iusto non labore libero qui. Corrupti sit qui aut ex veritatis dolorem voluptas. Beatae minus quis ut ea. Omnis sunt possimus incidunt iusto.','2000-03-26 00:00:00'),(60,27,38,'Non eos ea sequi similique quisquam quo. Quia voluptatem temporibus quas deleniti quia. Aut enim sapiente quia ad. Consequatur autem facere voluptatum blanditiis.','2018-10-25 00:00:00'),(61,21,47,'Laudantium doloremque nesciunt voluptatibus quidem quas. Iste maiores est deleniti fugit sunt totam autem. Earum aut officiis in velit.','2002-08-22 00:00:00'),(62,72,84,'Cum maiores veritatis optio vitae eos. Dolores quas eum sint quibusdam tempora. Nostrum sequi fugiat velit omnis. Facilis qui cumque nulla rem. Pariatur quod eius nobis consequuntur laudantium molestias quaerat incidunt.','2005-10-30 00:00:00'),(63,43,45,'Omnis et est officia accusamus. Beatae sunt qui sed neque perferendis dolor. At qui quia qui doloribus est repudiandae rerum. Quasi aut nulla in repudiandae. Officiis qui natus unde eligendi autem repellendus.','1984-08-10 00:00:00'),(64,12,19,'Nulla et recusandae quia exercitationem animi facilis sint. Suscipit rem commodi minima. Similique quo culpa nobis. Quis dolores soluta sed.','2000-03-09 00:00:00'),(65,51,24,'Facere esse qui dolores quae et est. Rerum qui sed tempora rerum tempora. Totam voluptatem velit sed vel. Optio praesentium dolores rerum praesentium voluptatem quod mollitia.','2024-08-27 00:00:00'),(66,45,5,'Quae impedit aut exercitationem facere. Aliquam inventore eos et non et. Sed qui ut perferendis autem harum. Velit unde iusto aut necessitatibus omnis.','1984-11-24 00:00:00'),(67,3,54,'Similique iusto aliquam nostrum. Sit animi rerum minima quaerat ex minus reiciendis enim. Placeat animi dolor porro aperiam.','1981-04-15 00:00:00'),(68,60,47,'Neque velit repellat voluptatem. Aliquid ut et aut laboriosam non et veritatis eligendi. Et voluptatibus debitis dolorum. Eos officiis repellendus dolor.','2001-06-08 00:00:00'),(69,5,42,'Vitae dolor in et eos sit. In cum omnis commodi in. Optio velit alias nulla molestiae. Voluptatem quod nihil consequuntur ipsum.','1997-07-04 00:00:00'),(70,85,37,'Amet voluptas cumque temporibus doloremque ut omnis porro. Optio dolorem dolore blanditiis nulla repellat fuga. Ab adipisci facilis asperiores dolor aut ab voluptatem.','2005-01-02 00:00:00'),(71,8,2,'Labore sint unde sapiente vitae incidunt. Facere sit deleniti accusantium blanditiis voluptas similique illum. Optio atque autem corrupti ad doloribus mollitia sapiente doloribus.','1998-12-16 00:00:00'),(72,100,68,'Tempora iusto qui cupiditate qui occaecati temporibus. Et inventore et ut incidunt ut. Delectus consequatur fugit inventore tempora sit voluptates eveniet minus. Repudiandae quisquam aliquid et qui doloribus.','1973-11-20 00:00:00'),(73,27,96,'Aliquam dolores et quo pariatur totam velit. Vel qui at ut est ad hic aut. Repellat est eligendi et corrupti.','1972-07-17 00:00:00'),(74,92,12,'Cupiditate eos accusantium distinctio consectetur nemo dicta et quo. Velit adipisci rerum doloribus repellat saepe inventore. Qui suscipit maiores dolores esse deleniti ratione. Omnis sequi sed fugit molestiae quis perferendis assumenda.','2012-11-14 00:00:00'),(75,57,18,'Sint ut voluptatem maiores itaque dolores ipsa. Debitis voluptas est voluptate fugiat pariatur. Totam sit amet nulla exercitationem suscipit. Ab illo quod quos placeat aut ipsa cumque.','2020-03-06 00:00:00'),(76,50,78,'Quidem ut consectetur ullam officiis temporibus. Ut quos veritatis ipsa aut deleniti excepturi sed. Nesciunt quaerat ut numquam voluptatem. Quod aliquam eveniet labore repellat id omnis.','2010-03-07 00:00:00'),(77,65,21,'Autem sunt harum quibusdam aperiam facilis veritatis dolores. Id autem dignissimos excepturi cumque. Voluptas illo possimus occaecati dolorem et et. Animi itaque facilis debitis provident nobis possimus. Facilis omnis facere repellat consectetur sed est ut.','1974-03-25 00:00:00'),(78,61,8,'Maiores hic modi iusto voluptates rerum commodi. Sed minima sint ullam ullam in fuga odio autem. Maxime molestiae quas eius id quia et.','2026-04-22 00:00:00'),(79,65,73,'Sequi aut molestiae est rerum eligendi. Expedita officiis exercitationem nihil dolor ad ducimus. Saepe quisquam velit delectus quis rerum voluptatem unde ullam.','1988-05-10 00:00:00'),(80,26,16,'Qui qui odit aspernatur rerum eos quia. Saepe doloribus corrupti earum reiciendis quibusdam. Dolores et pariatur et suscipit sequi quae rem. Qui veniam voluptatem ut et et ipsam.','1980-04-01 00:00:00'),(81,96,71,'Officia et distinctio optio molestiae molestiae rem. Eaque sit est dolor et dolore. Quod rerum veritatis suscipit aspernatur eveniet. Dicta commodi pariatur optio dolorum facere consectetur neque adipisci.','2009-12-28 00:00:00'),(82,20,98,'Nisi voluptas ut aliquid cumque quia minus. Natus eligendi sint perferendis. Accusantium reiciendis expedita repellat a et quae aut. Voluptas animi quidem nihil sit ipsam et dolorem laudantium.','2030-03-25 00:00:00'),(83,24,79,'Ullam non voluptate ut eius non sint placeat. Nulla adipisci eligendi et voluptates qui. Magnam voluptatem est et accusamus asperiores excepturi totam reiciendis. Aliquid maiores ea sit.','1992-01-26 00:00:00'),(84,45,28,'Similique nihil aut quisquam ratione tenetur minima. Beatae non aperiam asperiores. Accusamus aut ipsa pariatur tempore.','1974-06-11 00:00:00'),(85,21,29,'Ut dignissimos animi libero illum. Incidunt architecto dignissimos qui facere eos. Animi reiciendis est id aliquid. Corporis ullam voluptas et at magnam sint.','2022-05-08 00:00:00'),(86,65,29,'Molestias error optio minima sed recusandae enim. Ipsam quae blanditiis nobis et quasi maiores. Dicta quis quia praesentium similique commodi omnis voluptas. Molestiae earum iste rerum temporibus eius labore tenetur.','2013-12-20 00:00:00'),(87,30,64,'Magni et nihil nam voluptate quo nobis aut. Voluptatem rerum ut aut sed corporis. Rerum et voluptatem est et praesentium quo quae.','1979-08-19 00:00:00'),(88,96,56,'Corrupti est consequatur officia porro odit nam. Nisi nam animi saepe repellendus reiciendis. Odit quas omnis beatae qui.','2002-09-24 00:00:00'),(89,60,87,'Enim qui nobis nihil. Labore laudantium sed dolorem id. Commodi mollitia accusamus enim quia. Autem suscipit nemo et provident.','2012-02-25 00:00:00'),(90,68,16,'Doloribus autem recusandae nulla natus atque aut dolores vel. Sunt quis aut aliquam ea. Culpa explicabo odit molestiae voluptatem. Asperiores quis quae dolor possimus quas.','1979-06-17 00:00:00'),(91,5,17,'Officiis voluptas voluptatum ea aut officiis quidem. Non fugiat dolorem odit consequatur qui maxime. Et et ipsum doloribus quisquam doloribus mollitia temporibus.','2004-12-11 00:00:00'),(92,94,69,'Rerum consequatur hic maiores magnam sunt dolorum ut. Hic perferendis rem quia dicta impedit vitae perferendis. Laboriosam voluptatum qui voluptas blanditiis. Laudantium repellendus itaque blanditiis unde voluptatem numquam accusamus.','2013-01-19 00:00:00'),(93,38,54,'Nostrum accusantium et laboriosam eos qui minus. Eligendi enim nesciunt rerum id voluptatibus voluptatum eum. Natus sint officiis alias qui id excepturi consequatur. Dolores pariatur culpa ullam. Suscipit eius explicabo eum tempore alias tempora quia.','2001-02-06 00:00:00'),(94,77,2,'Sit aut totam consequatur ut harum omnis labore error. Blanditiis quia porro sint corrupti tempora laboriosam iste. Doloribus ducimus aspernatur perferendis cumque. Autem quia eius voluptatibus commodi maiores consequatur ad. Laborum qui quos autem.','2009-09-02 00:00:00'),(95,26,2,'Ducimus modi ex sint laboriosam. Amet sit repudiandae et expedita nisi facilis. Officiis quidem labore est voluptas dignissimos impedit.','2024-09-07 00:00:00'),(96,17,22,'Eos culpa qui quisquam molestias laudantium. Doloribus et est est assumenda et. Aut ut qui temporibus.','2025-09-10 00:00:00'),(97,72,37,'Repellat dolore dolore distinctio neque saepe. Aut est eum cum praesentium est. Commodi aut dolores adipisci non velit. Libero aliquam ducimus modi.','2011-09-30 00:00:00'),(98,19,95,'Qui nisi numquam consequuntur nam. Itaque est quam fugiat repellat deleniti nesciunt vitae. Magnam itaque quia aliquam deleniti. Optio in minima est ab nemo amet.','1970-03-16 00:00:00'),(99,16,64,'Voluptas a ut sequi aperiam. Earum aspernatur nihil cumque blanditiis aut sunt et. Esse culpa placeat eligendi illo architecto consequatur. Iure et reprehenderit sint praesentium distinctio.','1985-08-01 00:00:00'),(100,23,36,'Eius modi repellendus vel quas voluptatibus voluptas quaerat. Assumenda dolorem harum saepe ut quidem.','1990-07-10 00:00:00');
/*!40000 ALTER TABLE `messages` ENABLE KEYS */;
UNLOCK TABLES;

--
-- Table structure for table `photo_albums`
--

DROP TABLE IF EXISTS `photo_albums`;
/*!40101 SET @saved_cs_client     = @@character_set_client */;
/*!40101 SET character_set_client = utf8 */;
CREATE TABLE `photo_albums` (
  `id` bigint(20) unsigned NOT NULL AUTO_INCREMENT,
  `name` varchar(255) COLLATE utf8mb4_unicode_ci DEFAULT NULL,
  `user_id` bigint(20) unsigned DEFAULT NULL,
  PRIMARY KEY (`id`),
  UNIQUE KEY `id` (`id`),
  KEY `user_id` (`user_id`),
  CONSTRAINT `photo_albums_ibfk_1` FOREIGN KEY (`user_id`) REFERENCES `users` (`id`) ON DELETE SET NULL ON UPDATE CASCADE
) ENGINE=InnoDB AUTO_INCREMENT=101 DEFAULT CHARSET=utf8mb4 COLLATE=utf8mb4_unicode_ci;
/*!40101 SET character_set_client = @saved_cs_client */;

--
-- Dumping data for table `photo_albums`
--

LOCK TABLES `photo_albums` WRITE;
/*!40000 ALTER TABLE `photo_albums` DISABLE KEYS */;
INSERT INTO `photo_albums` VALUES (1,'quibusdam',36),(2,'rem',30),(3,'facilis',70),(4,'rerum',55),(5,'dolores',78),(6,'ut',95),(7,'impedit',49),(8,'qui',34),(9,'nulla',67),(10,'consequatur',62),(11,'distinctio',96),(12,'qui',72),(13,'consequatur',9),(14,'iure',17),(15,'in',63),(16,'pariatur',83),(17,'dolorum',88),(18,'nobis',49),(19,'tenetur',20),(20,'qui',17),(21,'id',68),(22,'nihil',57),(23,'libero',44),(24,'sint',42),(25,'possimus',82),(26,'soluta',30),(27,'qui',1),(28,'amet',90),(29,'deserunt',23),(30,'eum',71),(31,'praesentium',74),(32,'enim',59),(33,'voluptas',1),(34,'quas',43),(35,'doloremque',13),(36,'repellat',79),(37,'doloribus',38),(38,'et',62),(39,'blanditiis',12),(40,'voluptas',4),(41,'soluta',24),(42,'aut',8),(43,'magnam',76),(44,'maiores',32),(45,'autem',25),(46,'sint',38),(47,'aliquam',15),(48,'corrupti',12),(49,'tenetur',86),(50,'qui',34),(51,'voluptatibus',29),(52,'tempora',54),(53,'quia',91),(54,'minus',72),(55,'voluptas',95),(56,'et',72),(57,'illo',1),(58,'distinctio',96),(59,'cumque',61),(60,'at',24),(61,'ut',67),(62,'eligendi',35),(63,'accusantium',82),(64,'sit',67),(65,'qui',78),(66,'et',95),(67,'pariatur',45),(68,'repudiandae',16),(69,'officia',56),(70,'debitis',57),(71,'ea',20),(72,'repellat',79),(73,'sunt',64),(74,'illo',96),(75,'asperiores',11),(76,'similique',88),(77,'pariatur',33),(78,'aut',25),(79,'non',99),(80,'et',19),(81,'harum',59),(82,'quaerat',27),(83,'qui',73),(84,'et',49),(85,'explicabo',99),(86,'quo',67),(87,'perferendis',20),(88,'sed',100),(89,'nemo',63),(90,'ut',81),(91,'et',23),(92,'repellat',29),(93,'maxime',16),(94,'soluta',4),(95,'corrupti',95),(96,'ea',93),(97,'id',99),(98,'distinctio',40),(99,'molestiae',9),(100,'sint',54);
/*!40000 ALTER TABLE `photo_albums` ENABLE KEYS */;
UNLOCK TABLES;

--
-- Table structure for table `photos`
--

DROP TABLE IF EXISTS `photos`;
/*!40101 SET @saved_cs_client     = @@character_set_client */;
/*!40101 SET character_set_client = utf8 */;
CREATE TABLE `photos` (
  `id` bigint(20) unsigned NOT NULL AUTO_INCREMENT,
  `album_id` bigint(20) unsigned NOT NULL,
  `media_id` bigint(20) unsigned NOT NULL,
  PRIMARY KEY (`id`),
  KEY `album_id` (`album_id`),
  KEY `media_id` (`media_id`),
  CONSTRAINT `photos_ibfk_1` FOREIGN KEY (`album_id`) REFERENCES `photo_albums` (`id`) ON DELETE CASCADE ON UPDATE CASCADE,
  CONSTRAINT `photos_ibfk_2` FOREIGN KEY (`media_id`) REFERENCES `media` (`id`) ON DELETE CASCADE ON UPDATE CASCADE
) ENGINE=InnoDB AUTO_INCREMENT=101 DEFAULT CHARSET=utf8mb4 COLLATE=utf8mb4_unicode_ci;
/*!40101 SET character_set_client = @saved_cs_client */;

--
-- Dumping data for table `photos`
--

LOCK TABLES `photos` WRITE;
/*!40000 ALTER TABLE `photos` DISABLE KEYS */;
INSERT INTO `photos` VALUES (1,68,1),(2,23,2),(3,12,3),(4,96,4),(5,66,5),(6,21,6),(7,67,7),(8,6,8),(9,87,9),(10,95,10),(11,82,11),(12,35,12),(13,23,13),(14,63,14),(15,81,15),(16,22,16),(17,90,17),(18,91,18),(19,49,19),(20,42,20),(21,64,21),(22,57,22),(23,100,23),(24,99,24),(25,21,25),(26,94,26),(27,32,27),(28,95,28),(29,72,29),(30,39,30),(31,92,31),(32,40,32),(33,61,33),(34,3,34),(35,36,35),(36,26,36),(37,23,37),(38,2,38),(39,32,39),(40,9,40),(41,96,41),(42,14,42),(43,44,43),(44,19,44),(45,77,45),(46,24,46),(47,41,47),(48,66,48),(49,15,49),(50,89,50),(51,7,51),(52,78,52),(53,46,53),(54,6,54),(55,77,55),(56,66,56),(57,100,57),(58,8,58),(59,61,59),(60,71,60),(61,46,61),(62,52,62),(63,11,63),(64,7,64),(65,54,65),(66,46,66),(67,33,67),(68,77,68),(69,47,69),(70,64,70),(71,86,71),(72,43,72),(73,77,73),(74,29,74),(75,61,75),(76,53,76),(77,53,77),(78,1,78),(79,18,79),(80,68,80),(81,90,81),(82,25,82),(83,46,83),(84,35,84),(85,31,85),(86,22,86),(87,1,87),(88,30,88),(89,30,89),(90,61,90),(91,1,91),(92,75,92),(93,13,93),(94,11,94),(95,82,95),(96,67,96),(97,57,97),(98,14,98),(99,43,99),(100,4,100);
/*!40000 ALTER TABLE `photos` ENABLE KEYS */;
UNLOCK TABLES;

--
-- Table structure for table `profiles`
--

DROP TABLE IF EXISTS `profiles`;
/*!40101 SET @saved_cs_client     = @@character_set_client */;
/*!40101 SET character_set_client = utf8 */;
CREATE TABLE `profiles` (
  `user_id` bigint(20) unsigned NOT NULL AUTO_INCREMENT,
  `gender` char(1) COLLATE utf8mb4_unicode_ci DEFAULT NULL,
  `birthday` date DEFAULT NULL,
  `photo_id` bigint(20) unsigned DEFAULT NULL,
  `created_at` datetime DEFAULT current_timestamp(),
  `hometown` varchar(100) COLLATE utf8mb4_unicode_ci DEFAULT NULL,
  PRIMARY KEY (`user_id`),
  KEY `fk_photo_id` (`photo_id`),
  CONSTRAINT `fk_photo_id` FOREIGN KEY (`photo_id`) REFERENCES `photos` (`id`) ON DELETE SET NULL ON UPDATE CASCADE,
  CONSTRAINT `fk_user_id` FOREIGN KEY (`user_id`) REFERENCES `users` (`id`) ON DELETE CASCADE ON UPDATE CASCADE
) ENGINE=InnoDB AUTO_INCREMENT=101 DEFAULT CHARSET=utf8mb4 COLLATE=utf8mb4_unicode_ci;
/*!40101 SET character_set_client = @saved_cs_client */;

--
-- Dumping data for table `profiles`
--

LOCK TABLES `profiles` WRITE;
/*!40000 ALTER TABLE `profiles` DISABLE KEYS */;
INSERT INTO `profiles` VALUES (1,'M','1976-10-27',1,'1978-02-14 05:34:43','Vedaland'),(2,'M','1997-01-26',2,'2009-10-27 20:53:18','Lake Allychester'),(3,'F','2005-04-29',3,'1985-07-25 09:13:05','Alyshaside'),(4,'F','2017-07-21',4,'1978-04-24 17:34:44','Breanaville'),(5,'F','1976-08-16',5,'1978-12-28 22:46:06','Port Daphne'),(6,'M','1994-07-04',6,'2007-03-21 13:35:00','Mannbury'),(7,'F','2000-10-20',7,'2007-11-13 10:18:32','Whitneyside'),(8,'M','2010-11-14',8,'1977-03-11 08:46:34','Port Darren'),(9,'M','1971-03-21',9,'1994-04-05 01:40:01','New Tremayneburgh'),(10,'F','2003-06-01',10,'1971-11-21 05:10:35','Providencimouth'),(11,'F','2010-06-07',11,'2012-11-20 02:03:01','Lindsaystad'),(12,'M','2017-10-24',12,'2022-05-05 01:49:36','Schillerview'),(13,'M','1972-07-01',13,'1999-05-03 11:04:08','Bechtelarfurt'),(14,'M','1994-09-18',14,'1988-10-23 16:10:43','Beckermouth'),(15,'F','2020-05-26',15,'2010-12-07 22:49:12','Kurtisberg'),(16,'M','1973-03-28',16,'2009-05-25 19:56:57','New Eugene'),(17,'F','2018-03-27',17,'2008-02-28 07:56:51','Jenkinstown'),(18,'M','1984-03-02',18,'1991-09-23 18:45:25','Bauchtown'),(19,'F','2022-02-12',19,'1999-07-25 18:57:12','Jamilmouth'),(20,'M','2015-11-28',20,'1976-02-14 22:09:57','West Aliaside'),(21,'F','1991-04-06',21,'1983-11-21 15:15:27','Dickenschester'),(22,'M','1970-01-23',22,'2000-12-01 02:45:00','North Josefinaville'),(23,'F','1986-12-04',23,'1989-01-22 21:49:49','Rodriguezview'),(24,'F','1972-10-15',24,'2012-08-26 18:02:03','West Elroy'),(25,'M','1970-09-24',25,'1978-06-07 06:14:26','New Javonville'),(26,'M','1994-04-04',26,'2022-05-11 14:22:56','Conroystad'),(27,'F','1989-11-16',27,'2001-09-15 22:37:22','Port Fabian'),(28,'M','2016-01-09',28,'2008-03-21 07:29:43','East Eddieburgh'),(29,'M','1994-05-30',29,'2010-05-20 14:48:50','East Garrisonmouth'),(30,'M','2007-11-06',30,'2013-06-02 09:08:48','Port Coreneville'),(31,'F','2000-12-14',31,'2007-01-15 08:42:41','Mableside'),(32,'M','1991-09-04',32,'2002-08-14 05:34:35','West Jazmynmouth'),(33,'F','1995-02-16',33,'1978-11-28 00:10:11','Lake Zelma'),(34,'M','1985-03-10',34,'1990-08-26 19:26:45','Kertzmannburgh'),(35,'M','1985-02-08',35,'2003-04-13 15:13:09','Port Aliyahhaven'),(36,'F','2001-12-11',36,'1996-11-21 01:17:33','Hicklefurt'),(37,'M','1995-08-09',37,'1976-03-05 07:47:24','New Jovanymouth'),(38,'M','1970-06-15',38,'1989-08-06 06:45:03','Pearlhaven'),(39,'F','1979-09-23',39,'2004-04-25 06:40:30','Herzogbury'),(40,'F','1976-06-02',40,'1993-06-01 06:35:35','West Cale'),(41,'F','2015-05-30',41,'1996-06-26 22:07:33','Rohanfurt'),(42,'M','1981-06-12',42,'1999-09-02 19:00:26','Port Dylanfurt'),(43,'F','2005-03-09',43,'2008-02-23 16:39:24','Dorisbury'),(44,'F','2017-02-06',44,'1996-12-10 08:31:04','Port Alva'),(45,'F','1977-06-23',45,'1972-03-26 23:32:26','West Cade'),(46,'F','2001-03-16',46,'2010-08-06 21:23:17','South Claire'),(47,'M','2017-10-19',47,'2001-06-26 20:46:15','North Maci'),(48,'M','1985-01-22',48,'1999-09-30 02:12:11','Marksbury'),(49,'M','1998-03-16',49,'2007-05-20 10:29:23','Port Hope'),(50,'M','2014-03-09',50,'1987-10-09 19:28:40','Jalenfurt'),(51,'M','2020-09-04',51,'2009-07-06 20:46:46','Cartwrightfort'),(52,'F','2008-05-05',52,'2022-04-17 19:39:19','Lake Tristianstad'),(53,'F','1976-01-04',53,'1983-05-31 09:54:45','North George'),(54,'M','1980-09-28',54,'2015-01-30 19:57:58','South Milford'),(55,'F','1978-05-18',55,'1994-04-24 07:55:34','Keeganfurt'),(56,'M','2006-03-24',56,'2011-02-06 03:17:57','West Freeda'),(57,'M','1982-02-08',57,'2001-05-13 02:20:58','South Jeanette'),(58,'F','2021-01-02',58,'1994-09-10 15:05:33','South Hersheltown'),(59,'M','1986-05-24',59,'1984-07-06 15:00:36','Port Santiago'),(60,'F','1996-11-20',60,'2007-10-21 17:48:52','Lake Casimer'),(61,'F','1980-11-30',61,'1990-06-24 08:41:46','West Tyree'),(62,'M','2015-02-08',62,'1973-10-15 09:28:49','Helgastad'),(63,'M','1975-01-28',63,'2019-05-02 01:12:45','Wisozkview'),(64,'F','1971-04-12',64,'2013-02-12 07:13:19','Port Morrischester'),(65,'M','1993-11-24',65,'1989-06-15 20:25:00','Merleshire'),(66,'M','1985-10-23',66,'1982-11-08 20:14:53','Ferminburgh'),(67,'F','1985-02-17',67,'2002-01-20 15:58:53','McDermottport'),(68,'F','1972-01-17',68,'1971-01-18 08:45:00','Prosaccotown'),(69,'M','1990-12-02',69,'2020-03-26 12:55:29','South Curtmouth'),(70,'F','2009-08-29',70,'1989-10-17 11:12:00','Leoneville'),(71,'M','1983-02-22',71,'1992-05-02 06:41:40','Rollinport'),(72,'F','2012-10-28',72,'1979-12-17 16:14:13','East Jany'),(73,'F','1982-07-29',73,'1994-10-05 09:49:30','Janaefort'),(74,'F','1975-07-01',74,'2010-08-11 14:52:07','Kristianberg'),(75,'F','1999-05-24',75,'1994-02-17 04:32:35','Robertostad'),(76,'F','2009-07-23',76,'2002-02-12 23:21:16','Idellatown'),(77,'M','2004-03-12',77,'1993-08-30 23:20:34','West Katelynnbury'),(78,'M','2019-12-23',78,'1974-02-19 12:06:19','New Sienna'),(79,'F','1978-06-07',79,'2011-03-13 12:38:09','West Willhaven'),(80,'F','1991-05-21',80,'1973-08-07 17:22:17','Rosemaryfurt'),(81,'F','1977-05-14',81,'2004-01-31 05:20:19','Feltonfurt'),(82,'M','2002-05-10',82,'2002-10-04 13:04:27','West Heidimouth'),(83,'M','2004-06-20',83,'1978-12-11 10:31:14','East Judy'),(84,'M','1984-04-11',84,'2002-12-21 06:28:54','Hymanshire'),(85,'F','1975-01-18',85,'2009-08-15 04:34:56','Sipesbury'),(86,'F','1999-08-24',86,'2019-06-15 22:55:13','Cronaborough'),(87,'F','1999-06-21',87,'2000-07-24 20:35:14','Schuppeberg'),(88,'M','2020-03-06',88,'1980-07-06 07:17:25','Port Jaunita'),(89,'F','1990-10-27',89,'2004-10-17 02:29:19','New Antoinetteland'),(90,'M','1987-07-10',90,'2005-12-13 19:45:45','Lake Kristofermouth'),(91,'F','1970-04-08',91,'1972-05-07 02:01:31','West Raquel'),(92,'M','1993-01-13',92,'2014-09-27 07:38:47','East Edwardoshire'),(93,'F','2020-02-24',93,'2007-02-09 23:11:09','Natalieburgh'),(94,'F','2007-11-24',94,'2022-05-25 01:16:49','East Devynborough'),(95,'F','2008-09-01',95,'2006-03-14 19:23:40','Ronaldoshire'),(96,'F','2005-06-15',96,'2018-10-27 16:12:05','Whitemouth'),(97,'M','2010-02-09',97,'2008-05-25 06:28:44','Shaniyaport'),(98,'F','2006-08-17',98,'2007-10-11 22:40:31','Lorenaton'),(99,'F','2009-04-21',99,'2007-01-14 23:34:59','East Mireille'),(100,'F','2005-08-19',100,'1976-11-06 01:27:45','Rosamouth');
/*!40000 ALTER TABLE `profiles` ENABLE KEYS */;
UNLOCK TABLES;

--
-- Table structure for table `users`
--

DROP TABLE IF EXISTS `users`;
/*!40101 SET @saved_cs_client     = @@character_set_client */;
/*!40101 SET character_set_client = utf8 */;
CREATE TABLE `users` (
  `id` bigint(20) unsigned NOT NULL AUTO_INCREMENT,
  `firstname` varchar(100) COLLATE utf8mb4_unicode_ci DEFAULT NULL,
  `lastname` varchar(100) COLLATE utf8mb4_unicode_ci DEFAULT NULL COMMENT '',
  `email` varchar(100) COLLATE utf8mb4_unicode_ci DEFAULT NULL,
  `password_hash` varchar(100) COLLATE utf8mb4_unicode_ci DEFAULT NULL,
  `phone` bigint(20) DEFAULT NULL,
  `is_deleted` bit(1) DEFAULT b'0',
  PRIMARY KEY (`id`),
  UNIQUE KEY `email` (`email`),
  KEY `users_firstname_lastname_idx` (`firstname`,`lastname`)
) ENGINE=InnoDB AUTO_INCREMENT=101 DEFAULT CHARSET=utf8mb4 COLLATE=utf8mb4_unicode_ci;
/*!40101 SET character_set_client = @saved_cs_client */;

--
-- Dumping data for table `users`
--

LOCK TABLES `users` WRITE;
/*!40000 ALTER TABLE `users` DISABLE KEYS */;
INSERT INTO `users` VALUES (1,'Brandon','McLaughlin','katelyn.sauer@example.com','b23e7a5b70549168f12b0e9a8769b41ac8b8c8c7',9059072081,''),(2,'Arnoldo','Senger','wjaskolski@example.org','488459c0403c17a7cc87b677d14389890ee48f5e',9956498201,'\0'),(3,'Ellis','Lind','osinski.chaz@example.net','f3ed4c9a37d4d771d63889f880e9089faf20d43e',9677281404,''),(4,'Pete','Heathcote','emmerich.wallace@example.net','0e028ef5dc3586d73887f6aad2cb706c7e0e29f9',9065578442,'\0'),(5,'Clifton','Flatley','jeremy.feeney@example.net','87ce1dd7062106952003e84d722ef028fa7788d1',9301282317,'\0'),(6,'Effie','Cartwright','ltorp@example.com','265a8f5a17d209a2a33800771eb23862a441c75b',9096619808,'\0'),(7,'Gregoria','Heathcote','hlueilwitz@example.com','b58ae3fc7d2c52705e481346a276a8f4876480f1',9673978744,'\0'),(8,'Rick','Goldner','elmo54@example.com','fc9ca60834533c1926faff136a769df6d0501ac0',9319779984,''),(9,'Alisa','Johnson','ssanford@example.org','def7c2e4c69489388faf1808bebe8a8d0aadb943',9358513928,'\0'),(10,'Orlo','Bednar','alison14@example.com','0434d3f1ef3a44b84085e61a01545192523a38c1',9885465500,'\0'),(11,'Grover','Gottlieb','lang.marcos@example.net','2a65bb72bfaf5809ac61326100fa19fcb37b8315',9014864998,'\0'),(12,'Catherine','Harber','desmond72@example.net','b764c2e11a0ccbab8097c095dd984106b36240c8',9370907510,'\0'),(13,'Nicolas','Turcotte','trevion89@example.net','378f5c02627189ce0f47b3daf43cd068ec344464',9953686193,'\0'),(14,'Maudie','Mitchell','claire49@example.net','632e0e2bf563c524b795525d335ad06c827edd24',9202607570,'\0'),(15,'Miller','Ritchie','qreichel@example.com','d01db8af65f193a2546c659d19d334ef0bee85c0',9382334373,''),(16,'Lupe','O\'Hara','corwin.reed@example.org','385c7dbe13ba7827894e84487ff7a7a4201e2e04',9115486269,'\0'),(17,'Buck','Bruen','grant.yundt@example.com','1f27c6c5065e5c36b72b4c8923038e787cafc4de',9580160806,'\0'),(18,'Janiya','Keebler','pfeffer.domenic@example.net','e9ff5439c7ef324257f17c22f4fd2db62a5ea147',9653672518,'\0'),(19,'Justyn','Wyman','lenna24@example.net','e67fdf057b4bbc43ab393605e773dc4ddc2d0ff6',9800745439,''),(20,'Brooklyn','Medhurst','cbauch@example.net','33f44eb4f42fa43cb9aa28451cff445cef257c25',9968194986,''),(21,'Cullen','Littel','feeney.tyrell@example.org','ee247f48a0b1ec4d0ea8e208746e44e0ccc22ea3',9001655895,''),(22,'Alec','Cartwright','zelma.rice@example.com','3106ea434efdf07f3f80d2060adbe2fcd9b88a77',9756457364,'\0'),(23,'Cesar','Metz','usimonis@example.com','aa886163498bc9fe1cd4f6413482573cd366504e',9950944276,''),(24,'Bianka','Ernser','wquitzon@example.net','48a5f8cc183f5830d442d334b41503d8b80667ec',9750242591,'\0'),(25,'Jordy','Wyman','krystina.trantow@example.com','8d762af7adca6693ea3faf70d742d97658e5a060',9264717203,'\0'),(26,'Elinore','Stiedemann','keagan64@example.net','323112165caf177bfb5432e1aaa96994f0eb59d6',9395245465,''),(27,'Terrence','Jacobson','lelia59@example.com','519642f6fbd389d9c3715f806389514f8d09e638',9927633700,''),(28,'Ottilie','Hettinger','gust02@example.org','6c2178e28df1397ccec57e2cad39358136c2e5a6',9133199234,''),(29,'Gordon','Bernhard','dbednar@example.org','0003e07fe9e2cd0f00d5d45f96afd7d6c8e27289',9073652194,''),(30,'Maegan','Thiel','art.gorczany@example.com','ab84452d0995fb1f70a56aeba9fffb92fe4b3417',9046914653,'\0'),(31,'Rosalee','Medhurst','nlehner@example.net','4c7ee40e717b7675c49861b6a3e13b1e35401663',9641813642,''),(32,'Leon','Spencer','sawayn.gabriella@example.org','61c3ba3b473caeae46e4dcbb5c6fe728b68b23d1',9320901886,''),(33,'Nettie','Cummings','lowell75@example.com','2c9f396a2961abc7e8d7ad79c9ded77e78dee971',9769605876,'\0'),(34,'Clyde','Harris','nels96@example.com','0b8e26a08afcfac96866bac511b041ce30b07337',9823979866,''),(35,'Rosie','Keebler','qcassin@example.net','459d954f603bbdbe14b22fe42692b1f455d213ec',9038297988,''),(36,'Melvin','Walker','julius21@example.org','29a44ae78ce34c08043fa47c53144e6a10e8992f',9801638224,'\0'),(37,'Salvador','Kuphal','ewolf@example.com','d464d672235a6ad30521505bf27f85a5ff8177f7',9690924354,'\0'),(38,'Marjorie','Dicki','erling.klocko@example.com','c8c8bf1af444d09e4f7454584f21b2c902e8742b',9333982058,''),(39,'Christina','Ernser','qernser@example.net','5636bc84bba70969b1c985508571406651973d01',9900985387,''),(40,'Myrl','Skiles','hortense11@example.com','aab954b0a0cea40779a2d273bdeb0a06565d95d8',9307009088,'\0'),(41,'Jade','Hodkiewicz','metz.eulah@example.com','975612a7af64a6ce95bcbf59e1bf6fe281198a4a',9198009834,''),(42,'Letha','Yost','nzulauf@example.org','02d2bc9b422920596bb2d1f59662b843926aeb67',9653529853,''),(43,'Krystina','Wilderman','wiegand.milo@example.net','6312b11e3438ffbdf46da7446c29b8b00a1b8eb3',9954137932,''),(44,'Shyann','Bergstrom','pierre.ebert@example.com','72fb3e96bda471f891042e28ac97bb811775e777',9663559793,'\0'),(45,'Aylin','Gusikowski','hilda.macejkovic@example.net','c8928e57d2aba6374f3ed55f434237eb9fe5e5f3',9393254324,'\0'),(46,'Marcus','Boehm','llowe@example.org','be66184f74dd15875e60e48fcfafcd1cec074280',9768311400,''),(47,'Monica','Hoeger','chand@example.org','f8205721fc88d2c0d80186e244ecfb292ed7133d',9595340209,'\0'),(48,'Keegan','Schumm','kasey34@example.net','e38882c130896da59311bb433267071f50fda243',9280356495,'\0'),(49,'Stefanie','Gibson','micheal68@example.net','3a9ea5c631602a1ad03fd02e06050b05fd16f574',9457936394,''),(50,'Luther','Stroman','caleb.jones@example.net','37a677f60cc071931493310af646bdd1fe29866b',9686620655,'\0'),(51,'Tre','Kshlerin','josie.yundt@example.com','cfc0aef94f58a54a1be92acd53af13d0eba37c4a',9592492112,'\0'),(52,'Myrtie','Schinner','seth39@example.org','0411f2dd1019e5250c3ce3c3abf074f8742dbf89',9586740178,'\0'),(53,'Zetta','Bogisich','theodore.johns@example.com','669a17540756695f91f943cacd44a67c557cecff',9293723004,'\0'),(54,'Lane','Mohr','riley.effertz@example.org','8bcdf0145c8f623eea82f7c544aeb432fd799e2b',9156469886,'\0'),(55,'Werner','Dicki','aniyah69@example.org','9f16b1224406d12d38462136f66d151f14a1d6d0',9046505695,''),(56,'Cody','Waters','amber.ernser@example.org','ed33e31176894af1c6e73da2f94aab144709f94f',9174342087,''),(57,'Naomi','Thiel','roderick.cummings@example.com','ddbac8235575bba49e4a012bffcd2ffb9c6c9f3f',9880620045,''),(58,'Floy','Kunde','shayes@example.org','7524659885d92ad4b7fb04a0ca38b79607f9139e',9348683514,'\0'),(59,'Nicholas','Purdy','isac16@example.com','cb72f2ddc37a0ae155ce5d19dc482e7d9b2163be',9255537207,'\0'),(60,'Lyla','Nikolaus','josie11@example.com','9821ffd85283f8ddc19fc2825be769444a51f111',9876955943,'\0'),(61,'Aidan','Johnston','gleason.eusebio@example.com','eee546132ce403835b9fde6023615f585dbc6f3d',9221216098,'\0'),(62,'Samir','Fadel','jovany47@example.net','ffe53ab69901f1c1d4670db4aff664658954c9d5',9255941459,'\0'),(63,'Zakary','Hartmann','ywalter@example.net','cab9fc6df072449543c106c086282ad5cb750442',9981941272,''),(64,'Christina','Dickinson','patsy45@example.com','dbc609c632ea36dab198d33fbd5f43f81a0edb01',9599122688,''),(65,'Garrick','Olson','darien79@example.net','4ebcf2fac761961fc69745760e22686f43df18fd',9642029823,''),(66,'Lyla','Pouros','kauer@example.org','cec426e9214208a86287c016be738d3ab7c75dfa',9737003859,''),(67,'Sandrine','Rempel','mbogan@example.com','114883988e18ce995adfc69fcc2cdea807221055',9638411080,'\0'),(68,'Yvonne','Gleason','dariana01@example.net','3830c1285298e7aafc402e4b0193e0e519b0aac1',9960808097,''),(69,'Osbaldo','Willms','matteo53@example.net','4239f79f661803586f4d9d9f29198ed9de018730',9818525723,'\0'),(70,'Coleman','Heathcote','terry.lempi@example.org','1db11c4bb9ec7929955c29030eccd736d1421a23',9489180481,'\0'),(71,'Blair','Lemke','ethelyn.reichert@example.net','e9aac3390643ad1a17abe8db05794f9bdc2445f3',9256602288,'\0'),(72,'Cleveland','Barrows','hilma.bogan@example.net','4fa336f1052c054c2a45a7a38509a548b0a26855',9338432736,'\0'),(73,'Alexandrine','Schultz','mathias83@example.com','5533834477906a052de38b471b7c46818716d5f5',9057618774,''),(74,'Reilly','Harris','felipe29@example.org','fac2923534c4ba3ce499df65e61ae89c74a80313',9648436364,''),(75,'Trenton','Cole','marianna.hand@example.org','67211b20c6cfe833d33e1618ba23609fd7c74e41',9176126094,''),(76,'Alvina','Runte','dudley32@example.net','5a5252bc2fd7416b9f0d556cde510ec0096a6646',9600985094,''),(77,'Alberta','Stanton','njacobs@example.com','2b9c6491ff44def20b3b847b3ee816b33f32f7d6',9628441411,''),(78,'Jarvis','Hintz','rmayer@example.com','9a2bf74fe3b3209531bdbe8a00bb0a378f13d3c4',9944927853,''),(79,'Heber','Gorczany','zberge@example.com','f94f4d0969461c8a263720119ccd135240303144',9042044965,''),(80,'Rowan','Quigley','juanita38@example.net','7e381fd27969cf9cc43578ff7d3fc1ea4a5068aa',9180494368,'\0'),(81,'Jasen','Kovacek','cummings.emie@example.net','7446572c550775e752110ac54270262821598b9a',9529325167,''),(82,'Kaylie','Willms','cecil.baumbach@example.com','1159dc720c160d5fe6233c831d831a06c12902bb',9323877086,'\0'),(83,'Carolyn','Dibbert','carter.gorczany@example.org','5b050c50e9a92ba9fef20f7c81bd9eba712f2db1',9802889285,''),(84,'Sammie','Larkin','carroll.sanford@example.org','b0849d12d2b64029e72abd26b1980d8be0cea02c',9344871104,''),(85,'Roma','Greenfelder','christelle24@example.org','5795a409e0f1e0456740bca4f6ae06a96d7bb3cb',9289948586,''),(86,'Uriel','Hegmann','jeremie17@example.net','10e0563b80bf7a2a1bd57531ccf4cf63734c0cf9',9957589752,''),(87,'Bertrand','Balistreri','gschinner@example.net','56c3bab991ec92e952eb535599ac539509698784',9866373625,'\0'),(88,'Carissa','Shanahan','rosetta93@example.org','9298366ed21704766f691e684c1809ec9794bac5',9329647797,'\0'),(89,'Tiana','Johns','werner.keebler@example.org','0f5c004c1594496f985d031cfa14457a6712b62c',9992828360,'\0'),(90,'Delphine','Bradtke','dooley.elda@example.net','676f0632e71526c00b5908824e4e10d6bd7cb627',9739369097,''),(91,'Vernie','Donnelly','ukris@example.net','30914b9081159f35b3d2bf0ba26870073ff6c4a0',9050782643,'\0'),(92,'Mariela','White','mclaughlin.gino@example.com','0b3c5214cbf054b0549bde9324f65c03678a0adb',9956527401,'\0'),(93,'Asha','Renner','bernadine70@example.org','f9976fd4aca44e539718dcc1dd72ba448f5944ad',9739763219,'\0'),(94,'Katrina','Hirthe','jerald21@example.com','4441e5eb20a033fe9450c95e1a04900f93a5ef02',9639246506,''),(95,'Nella','Turcotte','charlene28@example.net','9362b8c552c8bda10e93effc9d2b1e8e6dedf80e',9989059872,''),(96,'Alejandra','Larson','sammie.marvin@example.org','e88422f567fec84373b586f8a4d71f0e1555a2fb',9670028605,'\0'),(97,'Lorenzo','Mosciski','mann.jacky@example.net','89077616f6dcfae4cc15854f69ff1655393bfe50',9564341526,'\0'),(98,'Unique','Schuster','nona.walsh@example.org','d10177744d0199e91d16ab928c1cc3934817cfb1',9934291718,'\0'),(99,'Isaac','Goyette','ewell.kovacek@example.net','dedee9612984c65cc8d513ac988a9b5a9c877381',9365701712,''),(100,'Alisa','Crooks','rcollins@example.org','d7031edcc204ce66b25158b29a8e3a17065aae78',9162665244,'');
/*!40000 ALTER TABLE `users` ENABLE KEYS */;
UNLOCK TABLES;

--
-- Table structure for table `users_communities`
--

DROP TABLE IF EXISTS `users_communities`;
/*!40101 SET @saved_cs_client     = @@character_set_client */;
/*!40101 SET character_set_client = utf8 */;
CREATE TABLE `users_communities` (
  `user_id` bigint(20) unsigned NOT NULL,
  `community_id` bigint(20) unsigned NOT NULL,
  PRIMARY KEY (`user_id`,`community_id`),
  KEY `community_id` (`community_id`),
  CONSTRAINT `users_communities_ibfk_1` FOREIGN KEY (`user_id`) REFERENCES `users` (`id`) ON DELETE CASCADE ON UPDATE CASCADE,
  CONSTRAINT `users_communities_ibfk_2` FOREIGN KEY (`community_id`) REFERENCES `communities` (`id`) ON DELETE CASCADE ON UPDATE CASCADE
) ENGINE=InnoDB DEFAULT CHARSET=utf8mb4 COLLATE=utf8mb4_unicode_ci;
/*!40101 SET character_set_client = @saved_cs_client */;

--
-- Dumping data for table `users_communities`
--

LOCK TABLES `users_communities` WRITE;
/*!40000 ALTER TABLE `users_communities` DISABLE KEYS */;
INSERT INTO `users_communities` VALUES (1,47),(2,24),(3,10),(4,11),(5,87),(6,95),(7,96),(8,86),(9,25),(10,17),(11,43),(12,39),(13,32),(14,97),(15,20),(16,5),(17,46),(18,99),(19,89),(20,14),(21,54),(22,51),(23,94),(24,90),(25,11),(26,36),(27,10),(28,38),(29,39),(30,38),(31,22),(32,86),(33,62),(34,31),(35,97),(36,49),(37,26),(38,93),(39,35),(40,50),(41,10),(42,78),(43,89),(44,41),(45,75),(46,8),(47,46),(48,20),(49,7),(50,35),(51,34),(52,60),(53,85),(54,28),(55,50),(56,96),(57,63),(58,60),(59,34),(60,2),(61,98),(62,55),(63,88),(64,60),(65,86),(66,84),(67,8),(68,11),(69,76),(70,43),(71,60),(72,86),(73,20),(74,49),(75,26),(76,94),(77,56),(78,72),(79,14),(80,62),(81,6),(82,47),(83,22),(84,91),(85,74),(86,71),(87,86),(88,37),(89,30),(90,20),(91,38),(92,27),(93,74),(94,25),(95,86),(96,60),(97,9),(98,94),(99,70),(100,85);
/*!40000 ALTER TABLE `users_communities` ENABLE KEYS */;
UNLOCK TABLES;
/*!40103 SET TIME_ZONE=@OLD_TIME_ZONE */;

/*!40101 SET SQL_MODE=@OLD_SQL_MODE */;
/*!40014 SET FOREIGN_KEY_CHECKS=@OLD_FOREIGN_KEY_CHECKS */;
/*!40014 SET UNIQUE_CHECKS=@OLD_UNIQUE_CHECKS */;
/*!40101 SET CHARACTER_SET_CLIENT=@OLD_CHARACTER_SET_CLIENT */;
/*!40101 SET CHARACTER_SET_RESULTS=@OLD_CHARACTER_SET_RESULTS */;
/*!40101 SET COLLATION_CONNECTION=@OLD_COLLATION_CONNECTION */;
/*!40111 SET SQL_NOTES=@OLD_SQL_NOTES */;

-- Dump completed on 2022-05-29 10:55:38
